<?xml version = '1.0' encoding = 'UTF-8'?>
<FKIndexAssociation class="oracle.dbtools.crest.model.design.relational.FKIndexAssociation" directorySegmentName="seg_0" id="05065653-5F48-5809-B4B4-542C42BBD19E" containerWithKeyObject="CEBDAA75-0530-C429-9139-829036AF89BF" localFKIndex="552A6E52-002C-9377-B544-DD5727158752" name="DATOS_EMPRESA_FK">
<createdBy>vero7</createdBy>
<createdTime>2022-01-24 19:07:21 UTC</createdTime>
<generatorID>891EB90D-C2F4-1DE3-7CBC-68E1C0EFD63C</generatorID>
<ownerDesignName>TRABAJO_EBURY</ownerDesignName>
<referredTableLongName>EMPRESA</referredTableLongName>
<deleteRule>NO ACTION</deleteRule>
<referredTableID>8C52632B-B8D4-6FC4-A8F6-9B163BE5681B</referredTableID>
<keyObject>1EA58046-C218-94B8-F1AE-CDF0E1FD4FF5</keyObject>
<referredKeyID>1EA58046-C218-94B8-F1AE-CDF0E1FD4FF5</referredKeyID>
<mandatory>true</mandatory>
<refColNames>Identificador</refColNames>
<transferable>true</transferable>
<rely>false</rely>
<columnDependencyConstraintGenerateInDDL>true</columnDependencyConstraintGenerateInDDL>
</FKIndexAssociation>