<?xml version = '1.0' encoding = 'UTF-8'?>
<FKIndexAssociation class="oracle.dbtools.crest.model.design.relational.FKIndexAssociation" directorySegmentName="seg_0" id="108D6959-87D3-6FA3-279C-6B4A5A7EE9EB" containerWithKeyObject="F02787C9-3DDA-052E-F0F0-7D637ADFA2D0" localFKIndex="559D84F1-D684-955F-A02E-69CD2498ACBC" name="SALDO_CUENTA_EBURY_FK">
<createdBy>vero7</createdBy>
<createdTime>2022-01-22 14:03:42 UTC</createdTime>
<generatorID>0F46CDA2-5603-C95A-4AAE-2DA101233A09</generatorID>
<ownerDesignName>TRABAJO_EBURY</ownerDesignName>
<referredTableLongName>CUENTA_EBURY</referredTableLongName>
<deleteRule>NO ACTION</deleteRule>
<referredTableID>837DBFA5-0E62-50EE-0817-527E5D7682E8</referredTableID>
<keyObject>99141859-F3BE-A6CE-9139-E6A34D6E40F8</keyObject>
<referredKeyID>99141859-F3BE-A6CE-9139-E6A34D6E40F8</referredKeyID>
<mandatory>true</mandatory>
<refColNames>Número_cuenta</refColNames>
<transferable>true</transferable>
<rely>false</rely>
<columnDependencyConstraintGenerateInDDL>true</columnDependencyConstraintGenerateInDDL>
</FKIndexAssociation>