<?xml version = '1.0' encoding = 'UTF-8'?>
<FKIndexAssociation class="oracle.dbtools.crest.model.design.relational.FKIndexAssociation" directorySegmentName="seg_0" id="14ADF882-AD8E-A6EE-AB7D-8EF9852A2357" containerWithKeyObject="4BB2FF1B-E233-F724-A01F-80369B07E7AA" localFKIndex="4AC8A9BD-5EA0-32C3-E237-B74EAA1220E5" name="BANCO_PAIS_FK">
<createdBy>vero7</createdBy>
<createdTime>2022-01-22 14:03:42 UTC</createdTime>
<generatorID>DF6EB174-5F37-2F33-A2C8-FB317772F17C</generatorID>
<ownerDesignName>TRABAJO_EBURY</ownerDesignName>
<referredTableLongName>PAIS</referredTableLongName>
<deleteRule>NO ACTION</deleteRule>
<referredTableID>85014382-D353-51D8-0E8B-0678FDB1EA0C</referredTableID>
<keyObject>7B4D2A4E-693B-8ABB-163C-CEB87823B942</keyObject>
<referredKeyID>7B4D2A4E-693B-8ABB-163C-CEB87823B942</referredKeyID>
<mandatory>true</mandatory>
<refColNames>Abrebiatura</refColNames>
<transferable>true</transferable>
<rely>false</rely>
<columnDependencyConstraintGenerateInDDL>true</columnDependencyConstraintGenerateInDDL>
</FKIndexAssociation>