<?xml version = '1.0' encoding = 'UTF-8'?>
<FKIndexAssociation class="oracle.dbtools.crest.model.design.relational.FKIndexAssociation" directorySegmentName="seg_0" id="1886ABBB-7095-98F8-6D3D-ECD22BE8F9AB" containerWithKeyObject="837DBFA5-0E62-50EE-0817-527E5D7682E8" localFKIndex="DE478AC8-06B5-323A-7972-915AA210A438" name="CUENTA_EBURY_CLIENTE_FK">
<createdBy>vero7</createdBy>
<createdTime>2022-01-22 14:03:42 UTC</createdTime>
<generatorID>D6E9CA37-8D2C-414F-1936-59DCC6218D3C</generatorID>
<ownerDesignName>TRABAJO_EBURY</ownerDesignName>
<referredTableLongName>CLIENTE</referredTableLongName>
<deleteRule>NO ACTION</deleteRule>
<referredTableID>76892059-DD32-0F5C-EFF5-15E9F2A3E14A</referredTableID>
<keyObject>9C0F7ABE-0851-96F3-2E88-A8AB69DDB07C</keyObject>
<referredKeyID>9C0F7ABE-0851-96F3-2E88-A8AB69DDB07C</referredKeyID>
<mandatory>true</mandatory>
<refColNames>Identificador</refColNames>
<transferable>true</transferable>
<rely>false</rely>
<columnDependencyConstraintGenerateInDDL>true</columnDependencyConstraintGenerateInDDL>
</FKIndexAssociation>