<?xml version = '1.0' encoding = 'UTF-8'?>
<FKIndexAssociation class="oracle.dbtools.crest.model.design.relational.FKIndexAssociation" directorySegmentName="seg_0" id="258C56AA-85A7-F230-EF32-EA4F80F93E6B" containerWithKeyObject="8C52632B-B8D4-6FC4-A8F6-9B163BE5681B" localFKIndex="5C2A9BEA-C9EC-A53C-943A-72E1E1214D64" name="EMPRESA_CLIENTE_FK">
<createdBy>vero7</createdBy>
<createdTime>2022-01-22 14:03:42 UTC</createdTime>
<generatorID>41F9E14F-7915-2698-27A7-CB6057A0A56B</generatorID>
<ownerDesignName>TRABAJO_EBURY</ownerDesignName>
<referredTableLongName>CLIENTE</referredTableLongName>
<arc>4F6DCEA2-8CC1-B2E9-DB56-CCAFF8AF7690</arc>
<deleteRule>NO ACTION</deleteRule>
<referredTableID>76892059-DD32-0F5C-EFF5-15E9F2A3E14A</referredTableID>
<keyObject>9C0F7ABE-0851-96F3-2E88-A8AB69DDB07C</keyObject>
<referredKeyID>9C0F7ABE-0851-96F3-2E88-A8AB69DDB07C</referredKeyID>
<mandatory>true</mandatory>
<refColNames>Identificador</refColNames>
<transferable>true</transferable>
<rely>false</rely>
<columnDependencyConstraintGenerateInDDL>true</columnDependencyConstraintGenerateInDDL>
</FKIndexAssociation>