<?xml version = '1.0' encoding = 'UTF-8'?>
<FKIndexAssociation class="oracle.dbtools.crest.model.design.relational.FKIndexAssociation" directorySegmentName="seg_0" id="2793A45B-AE81-96EE-CEDF-AA40A06A218E" containerWithKeyObject="76892059-DD32-0F5C-EFF5-15E9F2A3E14A" localFKIndex="44DA0CB1-6B1B-4D39-D867-9DA3549ED079" name="CLIENTE_DIRECCION_FK">
<createdBy>vero7</createdBy>
<createdTime>2022-01-24 19:15:08 UTC</createdTime>
<generatorID>491BCFC0-7171-0821-2E4D-086DBAC3E3B5</generatorID>
<ownerDesignName>TRABAJO_EBURY</ownerDesignName>
<referredTableLongName>DIRECCION</referredTableLongName>
<deleteRule>NO ACTION</deleteRule>
<referredTableID>A5101284-27EE-BFC5-6A48-20600B1FD69B</referredTableID>
<keyObject>14139A46-4BA1-7F0D-4691-9B619408D3B8</keyObject>
<referredKeyID>14139A46-4BA1-7F0D-4691-9B619408D3B8</referredKeyID>
<mandatory>true</mandatory>
<refColNames>Código_postal</refColNames>
<transferable>true</transferable>
<rely>false</rely>
<columnDependencyConstraintGenerateInDDL>true</columnDependencyConstraintGenerateInDDL>
</FKIndexAssociation>