<?xml version = '1.0' encoding = 'UTF-8'?>
<FKIndexAssociation class="oracle.dbtools.crest.model.design.relational.FKIndexAssociation" directorySegmentName="seg_0" id="2931878D-E3C4-17A9-3087-D01CDDB0E829" containerWithKeyObject="2C0F8DA8-A33C-7D0E-2F30-860FE592FD78" localFKIndex="ECE7A86B-8FFF-8A80-0CD5-2D39621FF242" name="DIV_TRANS_DIVISA_FK">
<createdBy>vero7</createdBy>
<createdTime>2022-01-22 14:03:42 UTC</createdTime>
<generatorID>9AAD9E54-A21C-6884-3A4F-1F1CFF38C9BE</generatorID>
<ownerDesignName>TRABAJO_EBURY</ownerDesignName>
<referredTableLongName>DIVISA</referredTableLongName>
<deleteRule>NO ACTION</deleteRule>
<referredTableID>1BC0CB38-28C6-D4E8-8EA4-18B739B6B002</referredTableID>
<keyObject>B238DF43-517A-3F7B-F109-730E06D26BD7</keyObject>
<referredKeyID>B238DF43-517A-3F7B-F109-730E06D26BD7</referredKeyID>
<mandatory>true</mandatory>
<refColNames>Nombre_divisa</refColNames>
<transferable>true</transferable>
<rely>false</rely>
<columnDependencyConstraintGenerateInDDL>true</columnDependencyConstraintGenerateInDDL>
</FKIndexAssociation>