<?xml version = '1.0' encoding = 'UTF-8'?>
<FKIndexAssociation class="oracle.dbtools.crest.model.design.relational.FKIndexAssociation" directorySegmentName="seg_0" id="488AA5B0-04D4-C85D-3DD8-1E34112B8033" containerWithKeyObject="E4EB33CC-F6B9-A161-B010-5ECF0E2C7C7C" localFKIndex="5CF6BBBF-933E-BADF-DADE-5FE2FDCFE52E" name="CUENTA_REFERENCIA_BANCO_FK">
<createdBy>vero7</createdBy>
<createdTime>2022-01-22 14:03:42 UTC</createdTime>
<generatorID>7736CFCE-45E3-785D-F122-90FEA05AE743</generatorID>
<ownerDesignName>TRABAJO_EBURY</ownerDesignName>
<referredTableLongName>BANCO</referredTableLongName>
<deleteRule>NO ACTION</deleteRule>
<referredTableID>4BB2FF1B-E233-F724-A01F-80369B07E7AA</referredTableID>
<keyObject>C71AD823-8B0A-1E5E-42FC-13F1C1ECB5D6</keyObject>
<referredKeyID>C71AD823-8B0A-1E5E-42FC-13F1C1ECB5D6</referredKeyID>
<mandatory>true</mandatory>
<refColNames>Nombre_banco</refColNames>
<transferable>true</transferable>
<rely>false</rely>
<columnDependencyConstraintGenerateInDDL>true</columnDependencyConstraintGenerateInDDL>
</FKIndexAssociation>