<?xml version = '1.0' encoding = 'UTF-8'?>
<FKIndexAssociation class="oracle.dbtools.crest.model.design.relational.FKIndexAssociation" directorySegmentName="seg_0" id="63DBEA99-F0A8-C84E-B172-0AC2DCA51A9F" containerWithKeyObject="AC6951C0-8A8C-1D12-EDA6-16005859C677" localFKIndex="FE254E0D-03A8-2F54-8C73-7E3B4FC0FE35" name="CR_POO_CUENTA_REFERENCIA_FK">
<createdBy>vero7</createdBy>
<createdTime>2022-01-22 14:03:42 UTC</createdTime>
<generatorID>A2CA723E-532E-822D-B3CD-440FFC8903A7</generatorID>
<ownerDesignName>TRABAJO_EBURY</ownerDesignName>
<referredTableLongName>CUENTA_REFERENCIA</referredTableLongName>
<deleteRule>NO ACTION</deleteRule>
<referredTableID>E4EB33CC-F6B9-A161-B010-5ECF0E2C7C7C</referredTableID>
<keyObject>B543F0E5-D723-15AB-C7DA-7760CA1F872D</keyObject>
<referredKeyID>B543F0E5-D723-15AB-C7DA-7760CA1F872D</referredKeyID>
<mandatory>true</mandatory>
<refColNames>IBAN</refColNames>
<transferable>true</transferable>
<rely>false</rely>
<columnDependencyConstraintGenerateInDDL>true</columnDependencyConstraintGenerateInDDL>
</FKIndexAssociation>