<?xml version = '1.0' encoding = 'UTF-8'?>
<FKIndexAssociation class="oracle.dbtools.crest.model.design.relational.FKIndexAssociation" directorySegmentName="seg_0" id="75A7BCDB-DFBF-B700-7E63-C5566E609EA8" containerWithKeyObject="580B8931-804B-3134-22AD-7B86462FB71C" localFKIndex="2BB1D9BB-254E-0286-8ADC-A8C5135EEF25" name="PAIS_DIVISA_PAIS_FK">
<createdBy>vero7</createdBy>
<createdTime>2022-01-22 14:03:42 UTC</createdTime>
<generatorID>A76A26D7-8777-AEC6-53DC-142E1C609E76</generatorID>
<ownerDesignName>TRABAJO_EBURY</ownerDesignName>
<referredTableLongName>PAIS</referredTableLongName>
<deleteRule>NO ACTION</deleteRule>
<referredTableID>85014382-D353-51D8-0E8B-0678FDB1EA0C</referredTableID>
<keyObject>7B4D2A4E-693B-8ABB-163C-CEB87823B942</keyObject>
<referredKeyID>7B4D2A4E-693B-8ABB-163C-CEB87823B942</referredKeyID>
<mandatory>true</mandatory>
<refColNames>Abrebiatura</refColNames>
<transferable>true</transferable>
<rely>false</rely>
<columnDependencyConstraintGenerateInDDL>true</columnDependencyConstraintGenerateInDDL>
</FKIndexAssociation>