<?xml version = '1.0' encoding = 'UTF-8'?>
<FKIndexAssociation class="oracle.dbtools.crest.model.design.relational.FKIndexAssociation" directorySegmentName="seg_0" id="8DDFFB61-39BF-66EE-E576-B9D9AEA5F814" containerWithKeyObject="415657A4-11C0-A850-5C66-6C381E4ADC87" localFKIndex="7880135E-5AC4-667A-1046-BE2B75FB61B7" name="EXTERNA_TRANSACCION_FK">
<createdBy>vero7</createdBy>
<createdTime>2022-01-22 14:03:42 UTC</createdTime>
<generatorID>3DBD9B87-32E4-5F6F-FC07-70F9E088EA64</generatorID>
<ownerDesignName>TRABAJO_EBURY</ownerDesignName>
<referredTableLongName>TRANSACCION</referredTableLongName>
<arc>34DE214B-1E6D-D46E-4AA3-BE645FC4880E</arc>
<deleteRule>NO ACTION</deleteRule>
<referredTableID>5A32576E-F652-4CB7-97DD-B3808A90509E</referredTableID>
<keyObject>66BFAD08-503C-FCFD-7163-0F869D37CA35</keyObject>
<referredKeyID>66BFAD08-503C-FCFD-7163-0F869D37CA35</referredKeyID>
<mandatory>true</mandatory>
<refColNames>Numero_transaccion</refColNames>
<transferable>true</transferable>
<rely>false</rely>
<columnDependencyConstraintGenerateInDDL>true</columnDependencyConstraintGenerateInDDL>
</FKIndexAssociation>