<?xml version = '1.0' encoding = 'UTF-8'?>
<FKIndexAssociation class="oracle.dbtools.crest.model.design.relational.FKIndexAssociation" directorySegmentName="seg_0" id="993B28CA-F70C-9FDE-9D68-51295F8033B9" containerWithKeyObject="C549F6BD-EE5C-B95E-BAA8-2016AB518684" localFKIndex="3089C125-8BB1-8EA1-4EB9-1FCACDA9258B" name="PERSONA_AUTORIZADA_DIRECCION_FK">
<createdBy>vero7</createdBy>
<createdTime>2022-01-24 19:07:21 UTC</createdTime>
<generatorID>4705F197-13C4-33F2-D93A-168AD7A73B9D</generatorID>
<ownerDesignName>TRABAJO_EBURY</ownerDesignName>
<referredTableLongName>DIRECCION</referredTableLongName>
<deleteRule>NO ACTION</deleteRule>
<referredTableID>A5101284-27EE-BFC5-6A48-20600B1FD69B</referredTableID>
<keyObject>14139A46-4BA1-7F0D-4691-9B619408D3B8</keyObject>
<referredKeyID>14139A46-4BA1-7F0D-4691-9B619408D3B8</referredKeyID>
<mandatory>true</mandatory>
<refColNames>Código_postal</refColNames>
<transferable>true</transferable>
<rely>false</rely>
<columnDependencyConstraintGenerateInDDL>true</columnDependencyConstraintGenerateInDDL>
</FKIndexAssociation>