<?xml version = '1.0' encoding = 'UTF-8'?>
<FKIndexAssociation class="oracle.dbtools.crest.model.design.relational.FKIndexAssociation" directorySegmentName="seg_0" id="A45EA158-8DD9-2546-DC1D-3A549395B7FE" containerWithKeyObject="F02787C9-3DDA-052E-F0F0-7D637ADFA2D0" localFKIndex="DA1A1147-1A85-72A0-16AB-CF0611BDCB9B" name="SALDO_DIVISA_FK">
<createdBy>vero7</createdBy>
<createdTime>2022-01-22 14:03:42 UTC</createdTime>
<generatorID>6927D105-9D5A-8DAD-D5EF-BA58246FF73A</generatorID>
<ownerDesignName>TRABAJO_EBURY</ownerDesignName>
<referredTableLongName>DIVISA</referredTableLongName>
<deleteRule>NO ACTION</deleteRule>
<referredTableID>1BC0CB38-28C6-D4E8-8EA4-18B739B6B002</referredTableID>
<keyObject>B238DF43-517A-3F7B-F109-730E06D26BD7</keyObject>
<referredKeyID>B238DF43-517A-3F7B-F109-730E06D26BD7</referredKeyID>
<mandatory>true</mandatory>
<refColNames>Nombre_divisa</refColNames>
<transferable>true</transferable>
<rely>false</rely>
<columnDependencyConstraintGenerateInDDL>true</columnDependencyConstraintGenerateInDDL>
</FKIndexAssociation>