<?xml version = '1.0' encoding = 'UTF-8'?>
<FKIndexAssociation class="oracle.dbtools.crest.model.design.relational.FKIndexAssociation" directorySegmentName="seg_0" id="A8DA08BF-0DE2-2170-862D-0E267A1B34E5" containerWithKeyObject="580B8931-804B-3134-22AD-7B86462FB71C" localFKIndex="DBE16702-AC73-2377-E2E6-163A6BF4FD2B" name="PAIS_DIVISA_DIVISA_FK">
<createdBy>vero7</createdBy>
<createdTime>2022-01-22 14:03:42 UTC</createdTime>
<generatorID>A76A26D7-8777-AEC6-53DC-142E1C609E76</generatorID>
<ownerDesignName>TRABAJO_EBURY</ownerDesignName>
<referredTableLongName>DIVISA</referredTableLongName>
<deleteRule>NO ACTION</deleteRule>
<referredTableID>1BC0CB38-28C6-D4E8-8EA4-18B739B6B002</referredTableID>
<keyObject>B238DF43-517A-3F7B-F109-730E06D26BD7</keyObject>
<referredKeyID>B238DF43-517A-3F7B-F109-730E06D26BD7</referredKeyID>
<mandatory>true</mandatory>
<refColNames>Nombre_divisa</refColNames>
<transferable>true</transferable>
<rely>false</rely>
<columnDependencyConstraintGenerateInDDL>true</columnDependencyConstraintGenerateInDDL>
</FKIndexAssociation>