<?xml version = '1.0' encoding = 'UTF-8'?>
<FKIndexAssociation class="oracle.dbtools.crest.model.design.relational.FKIndexAssociation" directorySegmentName="seg_0" id="A8E1E5E5-F9E4-B736-BF99-6F4898707295" containerWithKeyObject="B3C66B39-B176-282A-9288-B14A4744EFEC" localFKIndex="8B7BF940-018E-F666-5675-9FCD058EB8F1" name="SEGREGATED_CUENTA_EBURY_FK">
<createdBy>vero7</createdBy>
<createdTime>2022-01-22 14:03:42 UTC</createdTime>
<generatorID>5DDD4FAE-252C-D325-6D3A-1F9DEAE078E9</generatorID>
<ownerDesignName>TRABAJO_EBURY</ownerDesignName>
<referredTableLongName>CUENTA_EBURY</referredTableLongName>
<arc>3217BAB7-3324-0437-0799-E000BA24C0F8</arc>
<deleteRule>NO ACTION</deleteRule>
<referredTableID>837DBFA5-0E62-50EE-0817-527E5D7682E8</referredTableID>
<keyObject>99141859-F3BE-A6CE-9139-E6A34D6E40F8</keyObject>
<referredKeyID>99141859-F3BE-A6CE-9139-E6A34D6E40F8</referredKeyID>
<mandatory>true</mandatory>
<refColNames>Número_cuenta</refColNames>
<transferable>true</transferable>
<rely>false</rely>
<columnDependencyConstraintGenerateInDDL>true</columnDependencyConstraintGenerateInDDL>
</FKIndexAssociation>