<?xml version = '1.0' encoding = 'UTF-8'?>
<FKIndexAssociation class="oracle.dbtools.crest.model.design.relational.FKIndexAssociation" directorySegmentName="seg_0" id="A98EF585-47B3-59BA-D49C-8FF8407E3A8A" containerWithKeyObject="AC6951C0-8A8C-1D12-EDA6-16005859C677" localFKIndex="79B4AA03-2C24-1A66-7A97-B538CE7AF106" name="CR_POO_POOLED_FK">
<createdBy>vero7</createdBy>
<createdTime>2022-01-22 14:03:42 UTC</createdTime>
<generatorID>A2CA723E-532E-822D-B3CD-440FFC8903A7</generatorID>
<ownerDesignName>TRABAJO_EBURY</ownerDesignName>
<referredTableLongName>POOLED</referredTableLongName>
<deleteRule>NO ACTION</deleteRule>
<referredTableID>966864D8-4D17-D645-6A79-10BB32AD8B94</referredTableID>
<keyObject>93D0DD62-2705-FBED-A0DC-D58784F2B235</keyObject>
<referredKeyID>93D0DD62-2705-FBED-A0DC-D58784F2B235</referredKeyID>
<mandatory>true</mandatory>
<refColNames>Número_cuenta</refColNames>
<transferable>true</transferable>
<rely>false</rely>
<columnDependencyConstraintGenerateInDDL>true</columnDependencyConstraintGenerateInDDL>
</FKIndexAssociation>