<?xml version = '1.0' encoding = 'UTF-8'?>
<FKIndexAssociation class="oracle.dbtools.crest.model.design.relational.FKIndexAssociation" directorySegmentName="seg_0" id="B0DCCB38-7226-99E3-E175-A4B612E9D086" containerWithKeyObject="5C0BED63-DCF7-7BC4-8561-1072BC3D9A0B" localFKIndex="EF2B8238-ED65-58B5-985D-AEEBFC06E4CF" name="INTERNA_TRANSACCION_FK">
<createdBy>vero7</createdBy>
<createdTime>2022-01-22 14:03:42 UTC</createdTime>
<generatorID>0B085437-0CF5-7D37-C42B-0918B9D7318C</generatorID>
<ownerDesignName>TRABAJO_EBURY</ownerDesignName>
<referredTableLongName>TRANSACCION</referredTableLongName>
<arc>34DE214B-1E6D-D46E-4AA3-BE645FC4880E</arc>
<deleteRule>NO ACTION</deleteRule>
<referredTableID>5A32576E-F652-4CB7-97DD-B3808A90509E</referredTableID>
<keyObject>66BFAD08-503C-FCFD-7163-0F869D37CA35</keyObject>
<referredKeyID>66BFAD08-503C-FCFD-7163-0F869D37CA35</referredKeyID>
<mandatory>true</mandatory>
<refColNames>Numero_transaccion</refColNames>
<transferable>true</transferable>
<rely>false</rely>
<columnDependencyConstraintGenerateInDDL>true</columnDependencyConstraintGenerateInDDL>
</FKIndexAssociation>