<?xml version = '1.0' encoding = 'UTF-8'?>
<FKIndexAssociation class="oracle.dbtools.crest.model.design.relational.FKIndexAssociation" directorySegmentName="seg_0" id="BA7B9FCF-D092-96F7-0269-81D259D2E911" containerWithKeyObject="B3C66B39-B176-282A-9288-B14A4744EFEC" localFKIndex="7D77A6ED-C6EC-89F3-93F8-E1330C80FAC0" name="SEGREGATED_CUENTA_REFERENCIA_FK">
<createdBy>vero7</createdBy>
<createdTime>2022-01-22 14:03:42 UTC</createdTime>
<generatorID>8AD0B05E-DDDF-82A2-2B3A-CB233E717A2D</generatorID>
<ownerDesignName>TRABAJO_EBURY</ownerDesignName>
<referredTableLongName>CUENTA_REFERENCIA</referredTableLongName>
<deleteRule>NO ACTION</deleteRule>
<referredTableID>E4EB33CC-F6B9-A161-B010-5ECF0E2C7C7C</referredTableID>
<keyObject>B543F0E5-D723-15AB-C7DA-7760CA1F872D</keyObject>
<referredKeyID>B543F0E5-D723-15AB-C7DA-7760CA1F872D</referredKeyID>
<mandatory>true</mandatory>
<refColNames>IBAN</refColNames>
<transferable>true</transferable>
<rely>false</rely>
<columnDependencyConstraintGenerateInDDL>true</columnDependencyConstraintGenerateInDDL>
</FKIndexAssociation>