<?xml version = '1.0' encoding = 'UTF-8'?>
<FKIndexAssociation class="oracle.dbtools.crest.model.design.relational.FKIndexAssociation" directorySegmentName="seg_0" id="CC0954A4-0759-3971-A2A0-17AC9CA64113" containerWithKeyObject="3D1CFD11-00CC-93FB-72BF-546F71F8FD37" localFKIndex="4418538A-90C9-B863-453E-D363AA5D55A4" name="CURRENCY_ACCOUNT_CUENTA_REFERENCIA_FK">
<createdBy>vero7</createdBy>
<createdTime>2022-01-24 19:15:08 UTC</createdTime>
<generatorID>28AC5767-D5E9-8E2E-13C6-EEF3B1928417</generatorID>
<ownerDesignName>TRABAJO_EBURY</ownerDesignName>
<referredTableLongName>CUENTA_REFERENCIA</referredTableLongName>
<deleteRule>NO ACTION</deleteRule>
<referredTableID>E4EB33CC-F6B9-A161-B010-5ECF0E2C7C7C</referredTableID>
<keyObject>B543F0E5-D723-15AB-C7DA-7760CA1F872D</keyObject>
<referredKeyID>B543F0E5-D723-15AB-C7DA-7760CA1F872D</referredKeyID>
<mandatory>true</mandatory>
<refColNames>IBAN</refColNames>
<transferable>true</transferable>
<rely>false</rely>
<columnDependencyConstraintGenerateInDDL>true</columnDependencyConstraintGenerateInDDL>
</FKIndexAssociation>