<?xml version = '1.0' encoding = 'UTF-8'?>
<FKIndexAssociation class="oracle.dbtools.crest.model.design.relational.FKIndexAssociation" directorySegmentName="seg_0" id="CE5C7A2B-0BF9-B0B8-6849-82F654F455BD" containerWithKeyObject="C0166D4A-1734-0408-BF7F-CE2B07C89D8F" localFKIndex="6C1805CD-5002-CFE4-3D61-7AC7EF402DDF" name="INDIVIDUAL_CLIENTE_FK">
<createdBy>vero7</createdBy>
<createdTime>2022-01-22 14:03:42 UTC</createdTime>
<generatorID>2CD0DF2B-D9A6-74D7-9D4A-F8D12E5498E1</generatorID>
<ownerDesignName>TRABAJO_EBURY</ownerDesignName>
<referredTableLongName>CLIENTE</referredTableLongName>
<arc>4F6DCEA2-8CC1-B2E9-DB56-CCAFF8AF7690</arc>
<deleteRule>NO ACTION</deleteRule>
<referredTableID>76892059-DD32-0F5C-EFF5-15E9F2A3E14A</referredTableID>
<keyObject>9C0F7ABE-0851-96F3-2E88-A8AB69DDB07C</keyObject>
<referredKeyID>9C0F7ABE-0851-96F3-2E88-A8AB69DDB07C</referredKeyID>
<mandatory>true</mandatory>
<refColNames>Identificador</refColNames>
<transferable>true</transferable>
<rely>false</rely>
<columnDependencyConstraintGenerateInDDL>true</columnDependencyConstraintGenerateInDDL>
</FKIndexAssociation>