<?xml version = '1.0' encoding = 'UTF-8'?>
<FKIndexAssociation class="oracle.dbtools.crest.model.design.relational.FKIndexAssociation" directorySegmentName="seg_0" id="D05B17F9-DF5E-C339-38E6-4608F4A75399" containerWithKeyObject="5A32576E-F652-4CB7-97DD-B3808A90509E" localFKIndex="F698BEAF-987C-0266-6D3B-FE24C108F5B1" name="TRANSACCION_CUENTA_EBURY_FK">
<createdBy>vero7</createdBy>
<createdTime>2022-01-22 14:03:42 UTC</createdTime>
<generatorID>0C1D9388-1058-4CA7-CEC4-198B72475DD4</generatorID>
<ownerDesignName>TRABAJO_EBURY</ownerDesignName>
<referredTableLongName>CUENTA_EBURY</referredTableLongName>
<deleteRule>NO ACTION</deleteRule>
<referredTableID>837DBFA5-0E62-50EE-0817-527E5D7682E8</referredTableID>
<keyObject>99141859-F3BE-A6CE-9139-E6A34D6E40F8</keyObject>
<referredKeyID>99141859-F3BE-A6CE-9139-E6A34D6E40F8</referredKeyID>
<mandatory>true</mandatory>
<refColNames>Número_cuenta</refColNames>
<transferable>true</transferable>
<rely>false</rely>
<columnDependencyConstraintGenerateInDDL>true</columnDependencyConstraintGenerateInDDL>
</FKIndexAssociation>