<?xml version = '1.0' encoding = 'UTF-8'?>
<FKIndexAssociation class="oracle.dbtools.crest.model.design.relational.FKIndexAssociation" directorySegmentName="seg_0" id="D3A67EDB-AF9A-4CDF-6937-69F9520DFF8F" containerWithKeyObject="966864D8-4D17-D645-6A79-10BB32AD8B94" localFKIndex="1088806B-5E63-AFF1-E94D-E07FC39DF839" name="POOLED_CUENTA_EBURY_FK">
<createdBy>vero7</createdBy>
<createdTime>2022-01-22 14:03:42 UTC</createdTime>
<generatorID>D74331E5-ECAA-9EFC-5851-9FB4DEB55418</generatorID>
<ownerDesignName>TRABAJO_EBURY</ownerDesignName>
<referredTableLongName>CUENTA_EBURY</referredTableLongName>
<arc>3217BAB7-3324-0437-0799-E000BA24C0F8</arc>
<deleteRule>NO ACTION</deleteRule>
<referredTableID>837DBFA5-0E62-50EE-0817-527E5D7682E8</referredTableID>
<keyObject>99141859-F3BE-A6CE-9139-E6A34D6E40F8</keyObject>
<referredKeyID>99141859-F3BE-A6CE-9139-E6A34D6E40F8</referredKeyID>
<mandatory>true</mandatory>
<refColNames>Número_cuenta</refColNames>
<transferable>true</transferable>
<rely>false</rely>
<columnDependencyConstraintGenerateInDDL>true</columnDependencyConstraintGenerateInDDL>
</FKIndexAssociation>