<?xml version = '1.0' encoding = 'UTF-8'?>
<FKIndexAssociation class="oracle.dbtools.crest.model.design.relational.FKIndexAssociation" directorySegmentName="seg_0" id="E17431F0-8975-086F-F67F-3EB59748A237" containerWithKeyObject="415657A4-11C0-A850-5C66-6C381E4ADC87" localFKIndex="FDD0092C-42A0-0AD2-9878-F861B4004AE1" name="EXTERNA_CUENTA_EXTERNA_FK">
<createdBy>vero7</createdBy>
<createdTime>2022-01-22 14:03:42 UTC</createdTime>
<generatorID>144F87DE-C529-B373-7742-2353D07463E2</generatorID>
<ownerDesignName>TRABAJO_EBURY</ownerDesignName>
<referredTableLongName>CUENTA_EXTERNA</referredTableLongName>
<deleteRule>NO ACTION</deleteRule>
<referredTableID>C8B8A3F7-F891-90BF-D4EA-BADBA727E30C</referredTableID>
<keyObject>C1B31F52-B448-1158-6C3D-64E8B6ADDE24</keyObject>
<referredKeyID>C1B31F52-B448-1158-6C3D-64E8B6ADDE24</referredKeyID>
<mandatory>true</mandatory>
<refColNames>IBAN</refColNames>
<transferable>true</transferable>
<rely>false</rely>
<columnDependencyConstraintGenerateInDDL>true</columnDependencyConstraintGenerateInDDL>
</FKIndexAssociation>