<?xml version = '1.0' encoding = 'UTF-8'?>
<FKIndexAssociation class="oracle.dbtools.crest.model.design.relational.FKIndexAssociation" directorySegmentName="seg_0" id="E7560D3E-3944-44E4-DCA0-092DC722041C" containerWithKeyObject="2C0F8DA8-A33C-7D0E-2F30-860FE592FD78" localFKIndex="1501232C-2FD5-F6B7-0F19-F8C0ADB328AD" name="DIV_TRANS_TRANSACCION_FK">
<createdBy>vero7</createdBy>
<createdTime>2022-01-22 14:03:42 UTC</createdTime>
<generatorID>9AAD9E54-A21C-6884-3A4F-1F1CFF38C9BE</generatorID>
<ownerDesignName>TRABAJO_EBURY</ownerDesignName>
<referredTableLongName>TRANSACCION</referredTableLongName>
<deleteRule>NO ACTION</deleteRule>
<referredTableID>5A32576E-F652-4CB7-97DD-B3808A90509E</referredTableID>
<keyObject>66BFAD08-503C-FCFD-7163-0F869D37CA35</keyObject>
<referredKeyID>66BFAD08-503C-FCFD-7163-0F869D37CA35</referredKeyID>
<mandatory>true</mandatory>
<refColNames>Numero_transaccion</refColNames>
<transferable>true</transferable>
<rely>false</rely>
<columnDependencyConstraintGenerateInDDL>true</columnDependencyConstraintGenerateInDDL>
</FKIndexAssociation>