<?xml version = '1.0' encoding = 'UTF-8'?>
<FKIndexAssociation class="oracle.dbtools.crest.model.design.relational.FKIndexAssociation" directorySegmentName="seg_0" id="F4FCBB27-0EF9-ECEC-051F-BE7527DD483F" containerWithKeyObject="5C0BED63-DCF7-7BC4-8561-1072BC3D9A0B" localFKIndex="DAAA4D72-4210-ED6A-8F57-647196DC4ECB" name="INTERNA_CUENTA_EBURY_FK">
<createdBy>vero7</createdBy>
<createdTime>2022-01-22 14:03:42 UTC</createdTime>
<generatorID>E01B8137-0D40-E332-F0EE-9D9886622150</generatorID>
<ownerDesignName>TRABAJO_EBURY</ownerDesignName>
<referredTableLongName>CUENTA_EBURY</referredTableLongName>
<deleteRule>NO ACTION</deleteRule>
<referredTableID>837DBFA5-0E62-50EE-0817-527E5D7682E8</referredTableID>
<keyObject>99141859-F3BE-A6CE-9139-E6A34D6E40F8</keyObject>
<referredKeyID>99141859-F3BE-A6CE-9139-E6A34D6E40F8</referredKeyID>
<mandatory>true</mandatory>
<refColNames>Número_cuenta</refColNames>
<transferable>true</transferable>
<rely>false</rely>
<columnDependencyConstraintGenerateInDDL>true</columnDependencyConstraintGenerateInDDL>
</FKIndexAssociation>