<?xml version = '1.0' encoding = 'UTF-8'?>
<FKIndexAssociation class="oracle.dbtools.crest.model.design.relational.FKIndexAssociation" directorySegmentName="seg_0" id="F8922516-D013-31BA-C743-D5628422A095" containerWithKeyObject="4BB2FF1B-E233-F724-A01F-80369B07E7AA" localFKIndex="072A01A4-1807-7306-B1DC-2387242A53AD" name="BANCO_DIRECCION_FK">
<createdBy>vero7</createdBy>
<createdTime>2022-01-24 19:15:08 UTC</createdTime>
<generatorID>D541EFF1-BD65-E851-01E9-25E44452DEA4</generatorID>
<ownerDesignName>TRABAJO_EBURY</ownerDesignName>
<referredTableLongName>DIRECCION</referredTableLongName>
<deleteRule>NO ACTION</deleteRule>
<referredTableID>A5101284-27EE-BFC5-6A48-20600B1FD69B</referredTableID>
<keyObject>14139A46-4BA1-7F0D-4691-9B619408D3B8</keyObject>
<referredKeyID>14139A46-4BA1-7F0D-4691-9B619408D3B8</referredKeyID>
<mandatory>true</mandatory>
<refColNames>Código_postal</refColNames>
<transferable>true</transferable>
<rely>false</rely>
<columnDependencyConstraintGenerateInDDL>true</columnDependencyConstraintGenerateInDDL>
</FKIndexAssociation>