<?xml version = '1.0' encoding = 'UTF-8'?>
<FKIndexAssociation class="oracle.dbtools.crest.model.design.relational.FKIndexAssociation" directorySegmentName="seg_0" id="FD670805-5B50-84EB-8287-4464D004FAC9" containerWithKeyObject="CEBDAA75-0530-C429-9139-829036AF89BF" localFKIndex="55594570-A795-8103-9E10-0A4A02649161" name="DATOS_PERSONA_AUTORIZADA_FK">
<createdBy>vero7</createdBy>
<createdTime>2022-01-22 14:03:42 UTC</createdTime>
<generatorID>AA8ECA0A-41C4-D077-8716-65CF31012465</generatorID>
<ownerDesignName>TRABAJO_EBURY</ownerDesignName>
<referredTableLongName>PERSONA_AUTORIZADA</referredTableLongName>
<deleteRule>NO ACTION</deleteRule>
<referredTableID>C549F6BD-EE5C-B95E-BAA8-2016AB518684</referredTableID>
<keyObject>7F7D5A26-13B0-AF58-0BF2-9E9C7DE772DB</keyObject>
<referredKeyID>7F7D5A26-13B0-AF58-0BF2-9E9C7DE772DB</referredKeyID>
<mandatory>true</mandatory>
<refColNames>DNI</refColNames>
<transferable>true</transferable>
<rely>false</rely>
<columnDependencyConstraintGenerateInDDL>true</columnDependencyConstraintGenerateInDDL>
</FKIndexAssociation>