<?xml version = '1.0' encoding = 'UTF-8'?>
<Table class="oracle.dbtools.crest.model.design.relational.Table" directorySegmentName="seg_0" id="1BC0CB38-28C6-D4E8-8EA4-18B739B6B002" name="DIVISA">
<createdBy>vero7</createdBy>
<createdTime>2022-01-22 14:03:42 UTC</createdTime>
<generatorID>F5BA9456-3D17-4FFA-29E6-37932927E635</generatorID>
<ownerDesignName>TRABAJO_EBURY</ownerDesignName>
<allowColumnReorder>false</allowColumnReorder>
<existDependencyGenerateInDDl>true</existDependencyGenerateInDDl>
<parsed>true</parsed>
<columns itemClass="oracle.dbtools.crest.model.design.relational.Column">
<Column name="Nombre_divisa" id="DB769EBF-ED95-4F77-2DD1-5E745F93C535">
<createdBy>vero7</createdBy>
<createdTime>2022-01-22 14:03:42 UTC</createdTime>
<generatorID>69B72C1F-3270-4D38-6DDE-441B95ED4BFD</generatorID>
<ownerDesignName>TRABAJO_EBURY</ownerDesignName>
<useDomainConstraints>false</useDomainConstraints>
<use>1</use>
<logicalDatatype>LOGDT024</logicalDatatype>
<dataTypeSize>25 CHAR</dataTypeSize>
<ownDataTypeParameters>25 CHAR,,</ownDataTypeParameters>
<autoIncrementCycle>false</autoIncrementCycle>
</Column>
<Column name="Abreviatura" id="A69A4988-0EFC-4B2E-ADBA-DB62A6C16CEB">
<createdBy>vero7</createdBy>
<createdTime>2022-01-22 14:03:42 UTC</createdTime>
<generatorID>CA364A6E-95F5-3221-C163-0608C22072E3</generatorID>
<ownerDesignName>TRABAJO_EBURY</ownerDesignName>
<useDomainConstraints>false</useDomainConstraints>
<use>1</use>
<logicalDatatype>LOGDT024</logicalDatatype>
<dataTypeSize>25 CHAR</dataTypeSize>
<ownDataTypeParameters>25 CHAR,,</ownDataTypeParameters>
<autoIncrementCycle>false</autoIncrementCycle>
</Column>
<Column name="Símbolo" id="0B664C74-A39F-24AD-F1AA-E1E145E2C643">
<createdBy>vero7</createdBy>
<createdTime>2022-01-22 14:03:42 UTC</createdTime>
<generatorID>42A1DAD0-21A5-300A-F5C5-62A85F34EDA4</generatorID>
<ownerDesignName>TRABAJO_EBURY</ownerDesignName>
<useDomainConstraints>false</useDomainConstraints>
<use>1</use>
<logicalDatatype>LOGDT024</logicalDatatype>
<dataTypeSize>25 CHAR</dataTypeSize>
<ownDataTypeParameters>25 CHAR,,</ownDataTypeParameters>
<autoIncrementCycle>false</autoIncrementCycle>
</Column>
<Column name="Tipo_cambio_dolar" id="A2F2B3AB-6805-ECF8-F8CD-AAED4DCF9EB5">
<createdBy>vero7</createdBy>
<createdTime>2022-01-22 14:03:42 UTC</createdTime>
<generatorID>490CA92F-8F52-AB19-ED85-9B73609E506D</generatorID>
<ownerDesignName>TRABAJO_EBURY</ownerDesignName>
<useDomainConstraints>false</useDomainConstraints>
<use>1</use>
<logicalDatatype>LOGDT026</logicalDatatype>
<dataTypeScale>3</dataTypeScale>
<ownDataTypeParameters>,,3</ownDataTypeParameters>
<autoIncrementCycle>false</autoIncrementCycle>
</Column>
</columns>
<indexes itemClass="oracle.dbtools.crest.model.design.relational.Index">
<ind_PK_UK id="B238DF43-517A-3F7B-F109-730E06D26BD7" name="DIVISA_PK">
<createdBy>vero7</createdBy>
<createdTime>2022-01-22 14:03:42 UTC</createdTime>
<generatorID>7A974DBD-088F-F11B-327B-1073E8CCADB6</generatorID>
<ownerDesignName>TRABAJO_EBURY</ownerDesignName>
<pk>true</pk>
<indexState>Primary Constraint</indexState>
<isSurrogateKey>false</isSurrogateKey>
<indexColumnUsage>
<colUsage columnID="DB769EBF-ED95-4F77-2DD1-5E745F93C535"/>
</indexColumnUsage>
</ind_PK_UK>
<ind_PK_UK id="950BED40-2235-4C09-AA6F-99A76CCEB3AF" name="DIVISA_Símbolo_UN">
<createdBy>vero7</createdBy>
<createdTime>2022-01-22 14:03:42 UTC</createdTime>
<generatorID>12601AF3-F925-D023-EB5B-3F8F22F3AD1E</generatorID>
<ownerDesignName>TRABAJO_EBURY</ownerDesignName>
<indexState>Unique Constraint</indexState>
<isSurrogateKey>false</isSurrogateKey>
<indexColumnUsage>
<colUsage columnID="0B664C74-A39F-24AD-F1AA-E1E145E2C643"/>
</indexColumnUsage>
</ind_PK_UK>
<ind_PK_UK id="A903C0F4-79AE-0131-6775-0B02A41A5B7D" name="DIVISA_Abreviatura_UN">
<createdBy>vero7</createdBy>
<createdTime>2022-01-22 14:03:42 UTC</createdTime>
<generatorID>BF66B8A9-AF28-1925-9506-20AF470F27D1</generatorID>
<ownerDesignName>TRABAJO_EBURY</ownerDesignName>
<indexState>Unique Constraint</indexState>
<isSurrogateKey>false</isSurrogateKey>
<indexColumnUsage>
<colUsage columnID="A69A4988-0EFC-4B2E-ADBA-DB62A6C16CEB"/>
</indexColumnUsage>
</ind_PK_UK>
</indexes>
</Table>