<?xml version = '1.0' encoding = 'UTF-8'?>
<Table class="oracle.dbtools.crest.model.design.relational.Table" directorySegmentName="seg_0" id="2C0F8DA8-A33C-7D0E-2F30-860FE592FD78" name="DIV_TRANS">
<createdBy>vero7</createdBy>
<createdTime>2022-01-22 14:03:42 UTC</createdTime>
<ownerDesignName>TRABAJO_EBURY</ownerDesignName>
<allowColumnReorder>false</allowColumnReorder>
<existDependencyGenerateInDDl>true</existDependencyGenerateInDDl>
<parsed>true</parsed>
<columns itemClass="oracle.dbtools.crest.model.design.relational.Column">
<Column name="DIVISA_Nombre_divisa" id="D2FCDCD7-B41A-0C5C-84EA-2DCB7A7B74DD">
<createdBy>vero7</createdBy>
<createdTime>2022-01-22 14:03:42 UTC</createdTime>
<ownerDesignName>TRABAJO_EBURY</ownerDesignName>
<useDomainConstraints>false</useDomainConstraints>
<use>1</use>
<logicalDatatype>LOGDT024</logicalDatatype>
<dataTypeSize>25 CHAR</dataTypeSize>
<ownDataTypeParameters>25 CHAR,,</ownDataTypeParameters>
<previousColumn>false</previousColumn>
<autoIncrementCycle>false</autoIncrementCycle>
<associations>
<colAssociation fkAssociation="2931878D-E3C4-17A9-3087-D01CDDB0E829" referredColumn="DB769EBF-ED95-4F77-2DD1-5E745F93C535"/>
</associations>
</Column>
<Column name="TRANSACCION_Numero_transaccion" id="13436318-1328-963E-BA65-1FDD78F5B0F7">
<createdBy>vero7</createdBy>
<createdTime>2022-01-22 14:03:42 UTC</createdTime>
<ownerDesignName>TRABAJO_EBURY</ownerDesignName>
<useDomainConstraints>false</useDomainConstraints>
<use>1</use>
<logicalDatatype>LOGDT024</logicalDatatype>
<dataTypeSize>25 CHAR</dataTypeSize>
<ownDataTypeParameters>25 CHAR,,</ownDataTypeParameters>
<previousColumn>false</previousColumn>
<autoIncrementCycle>false</autoIncrementCycle>
<associations>
<colAssociation fkAssociation="E7560D3E-3944-44E4-DCA0-092DC722041C" referredColumn="A61A955B-39AB-0E2A-4BC5-72E164E7F187"/>
</associations>
</Column>
</columns>
<indexes itemClass="oracle.dbtools.crest.model.design.relational.Index">
<ind_PK_UK id="C39A7C48-9293-1652-2C85-FE9409469FEE" name="DIV_TRANS_PK">
<createdBy>vero7</createdBy>
<createdTime>2022-01-22 14:03:42 UTC</createdTime>
<ownerDesignName>TRABAJO_EBURY</ownerDesignName>
<pk>true</pk>
<indexState>Primary Constraint</indexState>
<isSurrogateKey>false</isSurrogateKey>
<indexColumnUsage>
<colUsage columnID="D2FCDCD7-B41A-0C5C-84EA-2DCB7A7B74DD"/>
<colUsage columnID="13436318-1328-963E-BA65-1FDD78F5B0F7"/>
</indexColumnUsage>
</ind_PK_UK>
<ind_PK_UK id="ECE7A86B-8FFF-8A80-0CD5-2D39621FF242" name="DIV_TRANS_DIVISA_FK">
<createdBy>vero7</createdBy>
<createdTime>2022-01-22 14:03:42 UTC</createdTime>
<generatorID>9AAD9E54-A21C-6884-3A4F-1F1CFF38C9BE</generatorID>
<ownerDesignName>TRABAJO_EBURY</ownerDesignName>
<indexState>Foreign Key</indexState>
<isSurrogateKey>false</isSurrogateKey>
<indexColumnUsage>
<colUsage columnID="D2FCDCD7-B41A-0C5C-84EA-2DCB7A7B74DD"/>
</indexColumnUsage>
</ind_PK_UK>
<ind_PK_UK id="1501232C-2FD5-F6B7-0F19-F8C0ADB328AD" name="DIV_TRANS_TRANSACCION_FK">
<createdBy>vero7</createdBy>
<createdTime>2022-01-22 14:03:42 UTC</createdTime>
<generatorID>9AAD9E54-A21C-6884-3A4F-1F1CFF38C9BE</generatorID>
<ownerDesignName>TRABAJO_EBURY</ownerDesignName>
<indexState>Foreign Key</indexState>
<isSurrogateKey>false</isSurrogateKey>
<indexColumnUsage>
<colUsage columnID="13436318-1328-963E-BA65-1FDD78F5B0F7"/>
</indexColumnUsage>
</ind_PK_UK>
</indexes>
</Table>