<?xml version = '1.0' encoding = 'UTF-8'?>
<Table class="oracle.dbtools.crest.model.design.relational.Table" directorySegmentName="seg_0" id="3D1CFD11-00CC-93FB-72BF-546F71F8FD37" name="CURRENCY_ACCOUNT">
<createdBy>vero7</createdBy>
<createdTime>2022-01-22 14:03:42 UTC</createdTime>
<generatorID>F5B7FBE9-944E-5E5D-D0E9-8485AC002E80</generatorID>
<ownerDesignName>TRABAJO_EBURY</ownerDesignName>
<allowColumnReorder>false</allowColumnReorder>
<existDependencyGenerateInDDl>true</existDependencyGenerateInDDl>
<parsed>true</parsed>
<columns itemClass="oracle.dbtools.crest.model.design.relational.Column">
<Column name="Número_cuenta" id="914F1BBD-2B50-30C8-7C19-F0EE914004B3">
<createdBy>vero7</createdBy>
<createdTime>2022-01-22 14:03:42 UTC</createdTime>
<generatorID>217ABDDC-B14F-6CFE-1922-57CB6309FD1C</generatorID>
<ownerDesignName>TRABAJO_EBURY</ownerDesignName>
<useDomainConstraints>false</useDomainConstraints>
<use>1</use>
<logicalDatatype>LOGDT011</logicalDatatype>
<ownDataTypeParameters>,,</ownDataTypeParameters>
<autoIncrementCycle>false</autoIncrementCycle>
<associations>
<colAssociation fkAssociation="A9B661C4-AD75-63BB-061A-686253343608" referredColumn="B9A32E77-90E9-9BC7-6D5E-9604DED937E5"/>
</associations>
</Column>
<Column name="CUENTA_REFERENCIA_IBAN" id="B55F74A4-2F61-AE43-6BDD-A6B85BDDB6FB">
<createdBy>vero7</createdBy>
<createdTime>2022-01-24 19:07:21 UTC</createdTime>
<generatorID>47105C2B-B865-F41D-DBC7-55902FFEAF39</generatorID>
<ownerDesignName>TRABAJO_EBURY</ownerDesignName>
<useDomainConstraints>false</useDomainConstraints>
<use>1</use>
<logicalDatatype>LOGDT024</logicalDatatype>
<dataTypeSize>34 CHAR</dataTypeSize>
<ownDataTypeParameters>,,</ownDataTypeParameters>
<previousColumn>false</previousColumn>
<autoIncrementCycle>false</autoIncrementCycle>
<associations>
<colAssociation fkAssociation="CC0954A4-0759-3971-A2A0-17AC9CA64113" referredColumn="D871849B-196F-9EB1-C42E-01C508D2E47E"/>
</associations>
</Column>
</columns>
<indexes itemClass="oracle.dbtools.crest.model.design.relational.Index">
<ind_PK_UK id="F4C3CDF3-7024-1B52-A2BF-3B5561D49836" name="CURRENCY_ACCOUNT_PK">
<createdBy>vero7</createdBy>
<createdTime>2022-01-22 14:03:42 UTC</createdTime>
<generatorID>76992E55-ADF7-4CC6-5989-6C7D54DC1D4C</generatorID>
<ownerDesignName>TRABAJO_EBURY</ownerDesignName>
<pk>true</pk>
<indexState>Primary Constraint</indexState>
<isSurrogateKey>false</isSurrogateKey>
<indexColumnUsage>
<colUsage columnID="914F1BBD-2B50-30C8-7C19-F0EE914004B3"/>
</indexColumnUsage>
</ind_PK_UK>
<ind_PK_UK id="D6A687E2-BCFF-9C65-B17A-FC21C680D1FF" name="CURRENCY_ACCOUNT__IDX">
<createdBy>vero7</createdBy>
<createdTime>2022-01-24 19:07:21 UTC</createdTime>
<ownerDesignName>TRABAJO_EBURY</ownerDesignName>
<indexState>Unique Plain Index</indexState>
<isSurrogateKey>false</isSurrogateKey>
<relationGeneratorID>28AC5767-D5E9-8E2E-13C6-EEF3B1928417</relationGeneratorID>
<indexColumnUsage>
<colUsage columnID="B55F74A4-2F61-AE43-6BDD-A6B85BDDB6FB"/>
</indexColumnUsage>
</ind_PK_UK>
<ind_PK_UK id="14E99B87-C944-7AD4-99D7-ABE1F8564939" name="CURRENCY_ACCOUNT_CUENTA_EBURY_FK">
<createdBy>vero7</createdBy>
<createdTime>2022-01-22 14:03:42 UTC</createdTime>
<generatorID>3D273818-077D-1FB0-F0ED-0BE580D4EA9D</generatorID>
<ownerDesignName>TRABAJO_EBURY</ownerDesignName>
<indexState>Foreign Key</indexState>
<isSurrogateKey>false</isSurrogateKey>
<indexColumnUsage>
<colUsage columnID="914F1BBD-2B50-30C8-7C19-F0EE914004B3"/>
</indexColumnUsage>
</ind_PK_UK>
<ind_PK_UK id="4418538A-90C9-B863-453E-D363AA5D55A4" name="CURRENCY_ACCOUNT_CUENTA_REFERENCIA_FK">
<createdBy>vero7</createdBy>
<createdTime>2022-01-24 19:15:08 UTC</createdTime>
<generatorID>28AC5767-D5E9-8E2E-13C6-EEF3B1928417</generatorID>
<ownerDesignName>TRABAJO_EBURY</ownerDesignName>
<indexState>Foreign Key</indexState>
<isSurrogateKey>false</isSurrogateKey>
<indexColumnUsage>
<colUsage columnID="B55F74A4-2F61-AE43-6BDD-A6B85BDDB6FB"/>
</indexColumnUsage>
</ind_PK_UK>
</indexes>
</Table>