<?xml version = '1.0' encoding = 'UTF-8'?>
<Table class="oracle.dbtools.crest.model.design.relational.Table" directorySegmentName="seg_0" id="415657A4-11C0-A850-5C66-6C381E4ADC87" name="EXTERNA">
<createdBy>vero7</createdBy>
<createdTime>2022-01-22 14:03:42 UTC</createdTime>
<generatorID>FEF28FA8-3903-D84B-A511-F73363976957</generatorID>
<ownerDesignName>TRABAJO_EBURY</ownerDesignName>
<allowColumnReorder>false</allowColumnReorder>
<existDependencyGenerateInDDl>true</existDependencyGenerateInDDl>
<parsed>true</parsed>
<columns itemClass="oracle.dbtools.crest.model.design.relational.Column">
<Column name="Numero_transaccion" id="75EEF50C-DA19-49E8-BB89-67621DA8D199">
<createdBy>vero7</createdBy>
<createdTime>2022-01-22 14:03:42 UTC</createdTime>
<generatorID>D17469FE-EE43-1A8F-7881-6EA8094CCB1B</generatorID>
<ownerDesignName>TRABAJO_EBURY</ownerDesignName>
<useDomainConstraints>false</useDomainConstraints>
<use>1</use>
<logicalDatatype>LOGDT024</logicalDatatype>
<dataTypeSize>25 CHAR</dataTypeSize>
<ownDataTypeParameters>,,</ownDataTypeParameters>
<autoIncrementCycle>false</autoIncrementCycle>
<associations>
<colAssociation fkAssociation="8DDFFB61-39BF-66EE-E576-B9D9AEA5F814" referredColumn="A61A955B-39AB-0E2A-4BC5-72E164E7F187"/>
</associations>
</Column>
<Column name="CUENTA_EXTERNA_IBAN" id="C467A66E-97DF-0EA2-8A66-38E1F64F3EF7">
<createdBy>vero7</createdBy>
<createdTime>2022-01-22 14:03:42 UTC</createdTime>
<generatorID>A40450A5-B77A-3A63-569D-691DB56249B6</generatorID>
<ownerDesignName>TRABAJO_EBURY</ownerDesignName>
<useDomainConstraints>false</useDomainConstraints>
<use>1</use>
<logicalDatatype>LOGDT024</logicalDatatype>
<dataTypeSize>34 CHAR</dataTypeSize>
<ownDataTypeParameters>34 CHAR,,</ownDataTypeParameters>
<previousColumn>false</previousColumn>
<autoIncrementCycle>false</autoIncrementCycle>
<associations>
<colAssociation fkAssociation="E17431F0-8975-086F-F67F-3EB59748A237" referredColumn="6F8211AB-3FDF-681F-D3F4-89E09C67027C"/>
</associations>
</Column>
</columns>
<indexes itemClass="oracle.dbtools.crest.model.design.relational.Index">
<ind_PK_UK id="E4B37A7D-CB07-6E52-7956-F8213F069313" name="EXTERNA_PK">
<createdBy>vero7</createdBy>
<createdTime>2022-01-22 14:03:42 UTC</createdTime>
<generatorID>A296E9D6-7FCA-10A2-3209-974A9C091B42</generatorID>
<ownerDesignName>TRABAJO_EBURY</ownerDesignName>
<pk>true</pk>
<indexState>Primary Constraint</indexState>
<isSurrogateKey>false</isSurrogateKey>
<indexColumnUsage>
<colUsage columnID="75EEF50C-DA19-49E8-BB89-67621DA8D199"/>
</indexColumnUsage>
</ind_PK_UK>
<ind_PK_UK id="7880135E-5AC4-667A-1046-BE2B75FB61B7" name="EXTERNA_TRANSACCION_FK">
<createdBy>vero7</createdBy>
<createdTime>2022-01-22 14:03:42 UTC</createdTime>
<generatorID>3DBD9B87-32E4-5F6F-FC07-70F9E088EA64</generatorID>
<ownerDesignName>TRABAJO_EBURY</ownerDesignName>
<indexState>Foreign Key</indexState>
<isSurrogateKey>false</isSurrogateKey>
<indexColumnUsage>
<colUsage columnID="75EEF50C-DA19-49E8-BB89-67621DA8D199"/>
</indexColumnUsage>
</ind_PK_UK>
<ind_PK_UK id="FDD0092C-42A0-0AD2-9878-F861B4004AE1" name="EXTERNA_CUENTA_EXTERNA_FK">
<createdBy>vero7</createdBy>
<createdTime>2022-01-22 14:03:42 UTC</createdTime>
<generatorID>144F87DE-C529-B373-7742-2353D07463E2</generatorID>
<ownerDesignName>TRABAJO_EBURY</ownerDesignName>
<indexState>Foreign Key</indexState>
<isSurrogateKey>false</isSurrogateKey>
<indexColumnUsage>
<colUsage columnID="C467A66E-97DF-0EA2-8A66-38E1F64F3EF7"/>
</indexColumnUsage>
</ind_PK_UK>
</indexes>
</Table>