<?xml version = '1.0' encoding = 'UTF-8'?>
<Table class="oracle.dbtools.crest.model.design.relational.Table" directorySegmentName="seg_0" id="4BB2FF1B-E233-F724-A01F-80369B07E7AA" name="BANCO">
<createdBy>vero7</createdBy>
<createdTime>2022-01-22 14:03:42 UTC</createdTime>
<generatorID>514AE54B-2079-3824-4FF6-ABAE99A81E67</generatorID>
<ownerDesignName>TRABAJO_EBURY</ownerDesignName>
<allowColumnReorder>false</allowColumnReorder>
<existDependencyGenerateInDDl>true</existDependencyGenerateInDDl>
<parsed>true</parsed>
<columns itemClass="oracle.dbtools.crest.model.design.relational.Column">
<Column name="Nombre_banco" id="BA63B549-1469-27FD-82DA-1DBDDC203A55">
<createdBy>vero7</createdBy>
<createdTime>2022-01-22 14:03:42 UTC</createdTime>
<generatorID>557384DD-036A-EBC8-E09B-9F8DBC484B91</generatorID>
<ownerDesignName>TRABAJO_EBURY</ownerDesignName>
<useDomainConstraints>false</useDomainConstraints>
<use>1</use>
<logicalDatatype>LOGDT024</logicalDatatype>
<dataTypeSize>25 CHAR</dataTypeSize>
<ownDataTypeParameters>25 CHAR,,</ownDataTypeParameters>
<autoIncrementCycle>false</autoIncrementCycle>
</Column>
<Column name="Tipo_banco" id="58B02A77-3F26-37B0-7A82-D1BF4609FB54">
<createdBy>vero7</createdBy>
<createdTime>2022-01-22 14:03:42 UTC</createdTime>
<generatorID>247FACD2-1C67-49B6-9E11-55064C7603FD</generatorID>
<ownerDesignName>TRABAJO_EBURY</ownerDesignName>
<nullsAllowed>true</nullsAllowed>
<useDomainConstraints>false</useDomainConstraints>
<use>1</use>
<logicalDatatype>LOGDT024</logicalDatatype>
<dataTypeSize>25 CHAR</dataTypeSize>
<ownDataTypeParameters>25 CHAR,,</ownDataTypeParameters>
<autoIncrementCycle>false</autoIncrementCycle>
</Column>
<Column name="PAIS_Abrebiatura" id="30CBB35B-DB91-4C39-C387-47E14DB577F7">
<createdBy>vero7</createdBy>
<createdTime>2022-01-22 14:03:42 UTC</createdTime>
<generatorID>80FC8885-B75D-70CA-9D4A-34DF0561D98B</generatorID>
<ownerDesignName>TRABAJO_EBURY</ownerDesignName>
<useDomainConstraints>false</useDomainConstraints>
<use>1</use>
<logicalDatatype>LOGDT024</logicalDatatype>
<dataTypeSize>25 CHAR</dataTypeSize>
<ownDataTypeParameters>25 CHAR,,</ownDataTypeParameters>
<previousColumn>false</previousColumn>
<autoIncrementCycle>false</autoIncrementCycle>
<associations>
<colAssociation fkAssociation="14ADF882-AD8E-A6EE-AB7D-8EF9852A2357" referredColumn="C5FA0B39-C9CF-4C59-C45A-FD1C68C447BA"/>
</associations>
</Column>
<Column name="DIRECCION_Código_postal" id="CD0A03A5-1597-5767-A232-EBC00B09EF43">
<createdBy>vero7</createdBy>
<createdTime>2022-01-24 19:15:08 UTC</createdTime>
<generatorID>AA103B0C-9950-4A2D-2F3F-D850733548DB</generatorID>
<ownerDesignName>TRABAJO_EBURY</ownerDesignName>
<useDomainConstraints>false</useDomainConstraints>
<use>1</use>
<logicalDatatype>LOGDT011</logicalDatatype>
<ownDataTypeParameters>,,</ownDataTypeParameters>
<previousColumn>false</previousColumn>
<autoIncrementCycle>false</autoIncrementCycle>
<associations>
<colAssociation fkAssociation="F8922516-D013-31BA-C743-D5628422A095" referredColumn="E75686EE-FE20-8CB9-A1B3-603944680D6D"/>
</associations>
</Column>
</columns>
<indexes itemClass="oracle.dbtools.crest.model.design.relational.Index">
<ind_PK_UK id="C71AD823-8B0A-1E5E-42FC-13F1C1ECB5D6" name="BANCO_PK">
<createdBy>vero7</createdBy>
<createdTime>2022-01-22 14:03:42 UTC</createdTime>
<generatorID>B3241F11-6E1B-EFE8-A3B4-44E8D09EABC9</generatorID>
<ownerDesignName>TRABAJO_EBURY</ownerDesignName>
<pk>true</pk>
<indexState>Primary Constraint</indexState>
<isSurrogateKey>false</isSurrogateKey>
<indexColumnUsage>
<colUsage columnID="BA63B549-1469-27FD-82DA-1DBDDC203A55"/>
</indexColumnUsage>
</ind_PK_UK>
<ind_PK_UK id="5D040F42-2C8B-222E-758F-26422A64EBDC" name="BANCO__IDX">
<createdBy>vero7</createdBy>
<createdTime>2022-01-24 19:15:08 UTC</createdTime>
<ownerDesignName>TRABAJO_EBURY</ownerDesignName>
<indexState>Unique Plain Index</indexState>
<isSurrogateKey>false</isSurrogateKey>
<relationGeneratorID>D541EFF1-BD65-E851-01E9-25E44452DEA4</relationGeneratorID>
<indexColumnUsage>
<colUsage columnID="CD0A03A5-1597-5767-A232-EBC00B09EF43"/>
</indexColumnUsage>
</ind_PK_UK>
<ind_PK_UK id="4AC8A9BD-5EA0-32C3-E237-B74EAA1220E5" name="BANCO_PAIS_FK">
<createdBy>vero7</createdBy>
<createdTime>2022-01-22 14:03:42 UTC</createdTime>
<generatorID>DF6EB174-5F37-2F33-A2C8-FB317772F17C</generatorID>
<ownerDesignName>TRABAJO_EBURY</ownerDesignName>
<indexState>Foreign Key</indexState>
<isSurrogateKey>false</isSurrogateKey>
<indexColumnUsage>
<colUsage columnID="30CBB35B-DB91-4C39-C387-47E14DB577F7"/>
</indexColumnUsage>
</ind_PK_UK>
<ind_PK_UK id="072A01A4-1807-7306-B1DC-2387242A53AD" name="BANCO_DIRECCION_FK">
<createdBy>vero7</createdBy>
<createdTime>2022-01-24 19:15:08 UTC</createdTime>
<generatorID>D541EFF1-BD65-E851-01E9-25E44452DEA4</generatorID>
<ownerDesignName>TRABAJO_EBURY</ownerDesignName>
<indexState>Foreign Key</indexState>
<isSurrogateKey>false</isSurrogateKey>
<indexColumnUsage>
<colUsage columnID="CD0A03A5-1597-5767-A232-EBC00B09EF43"/>
</indexColumnUsage>
</ind_PK_UK>
</indexes>
</Table>