<?xml version = '1.0' encoding = 'UTF-8'?>
<Table class="oracle.dbtools.crest.model.design.relational.Table" directorySegmentName="seg_0" id="580B8931-804B-3134-22AD-7B86462FB71C" name="PAIS_DIVISA">
<createdBy>vero7</createdBy>
<createdTime>2022-01-22 14:03:42 UTC</createdTime>
<ownerDesignName>TRABAJO_EBURY</ownerDesignName>
<allowColumnReorder>false</allowColumnReorder>
<existDependencyGenerateInDDl>true</existDependencyGenerateInDDl>
<parsed>true</parsed>
<columns itemClass="oracle.dbtools.crest.model.design.relational.Column">
<Column name="DIVISA_Nombre_divisa" id="F1BE8F41-73B6-418C-FDC6-BADCD6C8921C">
<createdBy>vero7</createdBy>
<createdTime>2022-01-22 14:03:42 UTC</createdTime>
<ownerDesignName>TRABAJO_EBURY</ownerDesignName>
<useDomainConstraints>false</useDomainConstraints>
<use>1</use>
<logicalDatatype>LOGDT024</logicalDatatype>
<dataTypeSize>25 CHAR</dataTypeSize>
<ownDataTypeParameters>25 CHAR,,</ownDataTypeParameters>
<previousColumn>false</previousColumn>
<autoIncrementCycle>false</autoIncrementCycle>
<associations>
<colAssociation fkAssociation="A8DA08BF-0DE2-2170-862D-0E267A1B34E5" referredColumn="DB769EBF-ED95-4F77-2DD1-5E745F93C535"/>
</associations>
</Column>
<Column name="PAIS_Abrebiatura" id="9BAEDE33-81AA-5BE6-D7DA-2BFCC52E7D21">
<createdBy>vero7</createdBy>
<createdTime>2022-01-22 14:03:42 UTC</createdTime>
<ownerDesignName>TRABAJO_EBURY</ownerDesignName>
<useDomainConstraints>false</useDomainConstraints>
<use>1</use>
<logicalDatatype>LOGDT024</logicalDatatype>
<dataTypeSize>25 CHAR</dataTypeSize>
<ownDataTypeParameters>25 CHAR,,</ownDataTypeParameters>
<previousColumn>false</previousColumn>
<autoIncrementCycle>false</autoIncrementCycle>
<associations>
<colAssociation fkAssociation="75A7BCDB-DFBF-B700-7E63-C5566E609EA8" referredColumn="C5FA0B39-C9CF-4C59-C45A-FD1C68C447BA"/>
</associations>
</Column>
</columns>
<indexes itemClass="oracle.dbtools.crest.model.design.relational.Index">
<ind_PK_UK id="1792637A-B7F3-A5E3-D69B-CF6FBC723105" name="PAIS_DIVISA_PK">
<createdBy>vero7</createdBy>
<createdTime>2022-01-22 14:03:42 UTC</createdTime>
<ownerDesignName>TRABAJO_EBURY</ownerDesignName>
<pk>true</pk>
<indexState>Primary Constraint</indexState>
<isSurrogateKey>false</isSurrogateKey>
<indexColumnUsage>
<colUsage columnID="F1BE8F41-73B6-418C-FDC6-BADCD6C8921C"/>
<colUsage columnID="9BAEDE33-81AA-5BE6-D7DA-2BFCC52E7D21"/>
</indexColumnUsage>
</ind_PK_UK>
<ind_PK_UK id="DBE16702-AC73-2377-E2E6-163A6BF4FD2B" name="PAIS_DIVISA_DIVISA_FK">
<createdBy>vero7</createdBy>
<createdTime>2022-01-22 14:03:42 UTC</createdTime>
<generatorID>A76A26D7-8777-AEC6-53DC-142E1C609E76</generatorID>
<ownerDesignName>TRABAJO_EBURY</ownerDesignName>
<indexState>Foreign Key</indexState>
<isSurrogateKey>false</isSurrogateKey>
<indexColumnUsage>
<colUsage columnID="F1BE8F41-73B6-418C-FDC6-BADCD6C8921C"/>
</indexColumnUsage>
</ind_PK_UK>
<ind_PK_UK id="2BB1D9BB-254E-0286-8ADC-A8C5135EEF25" name="PAIS_DIVISA_PAIS_FK">
<createdBy>vero7</createdBy>
<createdTime>2022-01-22 14:03:42 UTC</createdTime>
<generatorID>A76A26D7-8777-AEC6-53DC-142E1C609E76</generatorID>
<ownerDesignName>TRABAJO_EBURY</ownerDesignName>
<indexState>Foreign Key</indexState>
<isSurrogateKey>false</isSurrogateKey>
<indexColumnUsage>
<colUsage columnID="9BAEDE33-81AA-5BE6-D7DA-2BFCC52E7D21"/>
</indexColumnUsage>
</ind_PK_UK>
</indexes>
</Table>