<?xml version = '1.0' encoding = 'UTF-8'?>
<Table class="oracle.dbtools.crest.model.design.relational.Table" directorySegmentName="seg_0" id="5C0BED63-DCF7-7BC4-8561-1072BC3D9A0B" name="INTERNA">
<createdBy>vero7</createdBy>
<createdTime>2022-01-22 14:03:42 UTC</createdTime>
<generatorID>1A493155-72CD-B95D-58F1-44B5F52256DC</generatorID>
<ownerDesignName>TRABAJO_EBURY</ownerDesignName>
<allowColumnReorder>false</allowColumnReorder>
<existDependencyGenerateInDDl>true</existDependencyGenerateInDDl>
<parsed>true</parsed>
<columns itemClass="oracle.dbtools.crest.model.design.relational.Column">
<Column name="Numero_transaccion" id="809F68F7-0351-E9C3-AD01-2AAD1DAEEB85">
<createdBy>vero7</createdBy>
<createdTime>2022-01-22 14:03:42 UTC</createdTime>
<generatorID>D17469FE-EE43-1A8F-7881-6EA8094CCB1B</generatorID>
<ownerDesignName>TRABAJO_EBURY</ownerDesignName>
<useDomainConstraints>false</useDomainConstraints>
<use>1</use>
<logicalDatatype>LOGDT024</logicalDatatype>
<dataTypeSize>25 CHAR</dataTypeSize>
<ownDataTypeParameters>,,</ownDataTypeParameters>
<autoIncrementCycle>false</autoIncrementCycle>
<associations>
<colAssociation fkAssociation="B0DCCB38-7226-99E3-E175-A4B612E9D086" referredColumn="A61A955B-39AB-0E2A-4BC5-72E164E7F187"/>
</associations>
</Column>
<Column name="Comisión" id="218EFF11-79C7-7CB1-BAFF-8568172E08A2">
<createdBy>vero7</createdBy>
<createdTime>2022-01-22 14:03:42 UTC</createdTime>
<generatorID>FEDB6582-F933-514F-A76C-CB92CBC9A73A</generatorID>
<ownerDesignName>TRABAJO_EBURY</ownerDesignName>
<useDomainConstraints>false</useDomainConstraints>
<use>1</use>
<logicalDatatype>LOGDT026</logicalDatatype>
<dataTypeScale>3</dataTypeScale>
<ownDataTypeParameters>,,3</ownDataTypeParameters>
<autoIncrementCycle>false</autoIncrementCycle>
</Column>
<Column name="CUENTA_EBURY_Número_cuenta" id="DEEC3256-FE49-3898-831C-B453D6A636DD">
<createdBy>vero7</createdBy>
<createdTime>2022-01-22 14:03:42 UTC</createdTime>
<generatorID>EFAED45B-2D61-79A4-FD1D-A81515A58BF2</generatorID>
<ownerDesignName>TRABAJO_EBURY</ownerDesignName>
<useDomainConstraints>false</useDomainConstraints>
<use>1</use>
<logicalDatatype>LOGDT011</logicalDatatype>
<ownDataTypeParameters>,,</ownDataTypeParameters>
<previousColumn>false</previousColumn>
<autoIncrementCycle>false</autoIncrementCycle>
<associations>
<colAssociation fkAssociation="F4FCBB27-0EF9-ECEC-051F-BE7527DD483F" referredColumn="B9A32E77-90E9-9BC7-6D5E-9604DED937E5"/>
</associations>
</Column>
</columns>
<indexes itemClass="oracle.dbtools.crest.model.design.relational.Index">
<ind_PK_UK id="361F2289-655F-1BF1-4F21-E2FA715137FC" name="INTERNA_PK">
<createdBy>vero7</createdBy>
<createdTime>2022-01-22 14:03:42 UTC</createdTime>
<generatorID>A296E9D6-7FCA-10A2-3209-974A9C091B42</generatorID>
<ownerDesignName>TRABAJO_EBURY</ownerDesignName>
<pk>true</pk>
<indexState>Primary Constraint</indexState>
<isSurrogateKey>false</isSurrogateKey>
<indexColumnUsage>
<colUsage columnID="809F68F7-0351-E9C3-AD01-2AAD1DAEEB85"/>
</indexColumnUsage>
</ind_PK_UK>
<ind_PK_UK id="EF2B8238-ED65-58B5-985D-AEEBFC06E4CF" name="INTERNA_TRANSACCION_FK">
<createdBy>vero7</createdBy>
<createdTime>2022-01-22 14:03:42 UTC</createdTime>
<generatorID>0B085437-0CF5-7D37-C42B-0918B9D7318C</generatorID>
<ownerDesignName>TRABAJO_EBURY</ownerDesignName>
<indexState>Foreign Key</indexState>
<isSurrogateKey>false</isSurrogateKey>
<indexColumnUsage>
<colUsage columnID="809F68F7-0351-E9C3-AD01-2AAD1DAEEB85"/>
</indexColumnUsage>
</ind_PK_UK>
<ind_PK_UK id="DAAA4D72-4210-ED6A-8F57-647196DC4ECB" name="INTERNA_CUENTA_EBURY_FK">
<createdBy>vero7</createdBy>
<createdTime>2022-01-22 14:03:42 UTC</createdTime>
<generatorID>E01B8137-0D40-E332-F0EE-9D9886622150</generatorID>
<ownerDesignName>TRABAJO_EBURY</ownerDesignName>
<indexState>Foreign Key</indexState>
<isSurrogateKey>false</isSurrogateKey>
<indexColumnUsage>
<colUsage columnID="DEEC3256-FE49-3898-831C-B453D6A636DD"/>
</indexColumnUsage>
</ind_PK_UK>
</indexes>
</Table>