<?xml version = '1.0' encoding = 'UTF-8'?>
<Table class="oracle.dbtools.crest.model.design.relational.Table" directorySegmentName="seg_0" id="76892059-DD32-0F5C-EFF5-15E9F2A3E14A" name="CLIENTE">
<createdBy>vero7</createdBy>
<createdTime>2022-01-22 14:03:42 UTC</createdTime>
<generatorID>2A83793C-F1F7-1E3D-EF20-0BC0583CD17B</generatorID>
<ownerDesignName>TRABAJO_EBURY</ownerDesignName>
<allowColumnReorder>false</allowColumnReorder>
<existDependencyGenerateInDDl>true</existDependencyGenerateInDDl>
<parsed>true</parsed>
<columns itemClass="oracle.dbtools.crest.model.design.relational.Column">
<Column name="Identificador" id="1640FBEA-38F2-4E8F-B941-C3FCCDF19241">
<createdBy>vero7</createdBy>
<createdTime>2022-01-22 14:03:42 UTC</createdTime>
<generatorID>8CE84802-A059-48BB-966A-2E1D043039B1</generatorID>
<ownerDesignName>TRABAJO_EBURY</ownerDesignName>
<useDomainConstraints>false</useDomainConstraints>
<use>1</use>
<logicalDatatype>LOGDT011</logicalDatatype>
<ownDataTypeParameters>,,</ownDataTypeParameters>
<autoIncrementCycle>false</autoIncrementCycle>
</Column>
<Column name="Activo" id="1C2B8B09-C24A-33F2-96C4-BE1C513D7FBF">
<createdBy>vero7</createdBy>
<createdTime>2022-01-22 14:03:42 UTC</createdTime>
<generatorID>9B209106-3E3E-82F1-0629-D24DED02B986</generatorID>
<ownerDesignName>TRABAJO_EBURY</ownerDesignName>
<useDomainConstraints>false</useDomainConstraints>
<use>1</use>
<logicalDatatype>LOGDT006</logicalDatatype>
<dataTypeSize>1</dataTypeSize>
<ownDataTypeParameters>1,,</ownDataTypeParameters>
<autoIncrementCycle>false</autoIncrementCycle>
</Column>
<Column name="Fecha_apertura" id="840D59B7-4CC7-25B0-A8D4-1FC4E6275B68">
<createdBy>vero7</createdBy>
<createdTime>2022-01-22 14:03:42 UTC</createdTime>
<generatorID>6FE7CAE2-317C-A7FC-6CB2-5B4F64AE3702</generatorID>
<ownerDesignName>TRABAJO_EBURY</ownerDesignName>
<nullsAllowed>true</nullsAllowed>
<useDomainConstraints>false</useDomainConstraints>
<use>1</use>
<logicalDatatype>LOGDT007</logicalDatatype>
<ownDataTypeParameters>,,</ownDataTypeParameters>
<autoIncrementCycle>false</autoIncrementCycle>
</Column>
<Column name="Fecha_cierre" id="2F1F7988-6480-A3EE-0F14-AB44304B9901">
<createdBy>vero7</createdBy>
<createdTime>2022-01-22 14:03:42 UTC</createdTime>
<generatorID>20B445A1-FCDB-AA1C-F711-D3436E0BD8E6</generatorID>
<ownerDesignName>TRABAJO_EBURY</ownerDesignName>
<nullsAllowed>true</nullsAllowed>
<useDomainConstraints>false</useDomainConstraints>
<use>1</use>
<logicalDatatype>LOGDT007</logicalDatatype>
<ownDataTypeParameters>,,</ownDataTypeParameters>
<autoIncrementCycle>false</autoIncrementCycle>
</Column>
<Column name="Correo" id="A6E06FC4-ADD9-9F7A-566C-0A37AC306BF0">
<createdBy>vero7</createdBy>
<createdTime>2022-01-24 19:07:21 UTC</createdTime>
<generatorID>64C2901F-9191-489E-A48C-C7A0F882B491</generatorID>
<ownerDesignName>TRABAJO_EBURY</ownerDesignName>
<nullsAllowed>true</nullsAllowed>
<useDomainConstraints>false</useDomainConstraints>
<use>1</use>
<logicalDatatype>LOGDT024</logicalDatatype>
<dataTypeSize>25 CHAR</dataTypeSize>
<ownDataTypeParameters>25 CHAR,,</ownDataTypeParameters>
<autoIncrementCycle>false</autoIncrementCycle>
</Column>
<Column name="Teléfono" id="ED51F16A-0D91-F58B-B86D-675779EFCBC4">
<createdBy>vero7</createdBy>
<createdTime>2022-01-24 19:07:21 UTC</createdTime>
<generatorID>9F75A560-08F0-EAB6-9C52-87C8AD345CFD</generatorID>
<ownerDesignName>TRABAJO_EBURY</ownerDesignName>
<nullsAllowed>true</nullsAllowed>
<useDomainConstraints>false</useDomainConstraints>
<use>1</use>
<logicalDatatype>LOGDT011</logicalDatatype>
<ownDataTypeParameters>,,</ownDataTypeParameters>
<autoIncrementCycle>false</autoIncrementCycle>
</Column>
<Column name="DIRECCION_Código_postal" id="366FEAF0-8CCD-1DA9-4BFD-9EE81CCEC845">
<createdBy>vero7</createdBy>
<createdTime>2022-01-24 19:07:21 UTC</createdTime>
<generatorID>435CC017-000B-C6EE-A91A-44BFC462C454</generatorID>
<ownerDesignName>TRABAJO_EBURY</ownerDesignName>
<useDomainConstraints>false</useDomainConstraints>
<use>1</use>
<logicalDatatype>LOGDT011</logicalDatatype>
<ownDataTypeParameters>,,</ownDataTypeParameters>
<previousColumn>false</previousColumn>
<autoIncrementCycle>false</autoIncrementCycle>
<associations>
<colAssociation fkAssociation="2793A45B-AE81-96EE-CEDF-AA40A06A218E" referredColumn="E75686EE-FE20-8CB9-A1B3-603944680D6D"/>
</associations>
</Column>
</columns>
<indexes itemClass="oracle.dbtools.crest.model.design.relational.Index">
<ind_PK_UK id="9C0F7ABE-0851-96F3-2E88-A8AB69DDB07C" name="CLIENTE_PK">
<createdBy>vero7</createdBy>
<createdTime>2022-01-22 14:03:42 UTC</createdTime>
<generatorID>C13BEE0F-162A-08DB-BDB1-3536B5877E8C</generatorID>
<ownerDesignName>TRABAJO_EBURY</ownerDesignName>
<pk>true</pk>
<indexState>Primary Constraint</indexState>
<isSurrogateKey>false</isSurrogateKey>
<indexColumnUsage>
<colUsage columnID="1640FBEA-38F2-4E8F-B941-C3FCCDF19241"/>
</indexColumnUsage>
</ind_PK_UK>
<ind_PK_UK id="9917B4A0-BA94-B296-2889-CBDA12E0D508" name="CLIENTE_Teléfono_UN">
<createdBy>vero7</createdBy>
<createdTime>2022-01-24 19:07:21 UTC</createdTime>
<generatorID>8B3CEFB9-8FF6-C6A7-F75F-A5A535112233</generatorID>
<ownerDesignName>TRABAJO_EBURY</ownerDesignName>
<indexState>Unique Constraint</indexState>
<isSurrogateKey>false</isSurrogateKey>
<indexColumnUsage>
<colUsage columnID="ED51F16A-0D91-F58B-B86D-675779EFCBC4"/>
</indexColumnUsage>
</ind_PK_UK>
<ind_PK_UK id="07CD055A-63D3-0AAA-6426-1E252C40364D" name="CLIENTE_Correo_UN">
<createdBy>vero7</createdBy>
<createdTime>2022-01-24 19:07:21 UTC</createdTime>
<generatorID>0BF08540-EA99-D025-F180-D66EAE4971FB</generatorID>
<ownerDesignName>TRABAJO_EBURY</ownerDesignName>
<indexState>Unique Constraint</indexState>
<isSurrogateKey>false</isSurrogateKey>
<indexColumnUsage>
<colUsage columnID="A6E06FC4-ADD9-9F7A-566C-0A37AC306BF0"/>
</indexColumnUsage>
</ind_PK_UK>
<ind_PK_UK id="44DA0CB1-6B1B-4D39-D867-9DA3549ED079" name="CLIENTE_DIRECCION_FK">
<createdBy>vero7</createdBy>
<createdTime>2022-01-24 19:15:08 UTC</createdTime>
<generatorID>491BCFC0-7171-0821-2E4D-086DBAC3E3B5</generatorID>
<ownerDesignName>TRABAJO_EBURY</ownerDesignName>
<indexState>Foreign Key</indexState>
<isSurrogateKey>false</isSurrogateKey>
<indexColumnUsage>
<colUsage columnID="366FEAF0-8CCD-1DA9-4BFD-9EE81CCEC845"/>
</indexColumnUsage>
</ind_PK_UK>
</indexes>
</Table>