<?xml version = '1.0' encoding = 'UTF-8'?>
<Table class="oracle.dbtools.crest.model.design.relational.Table" directorySegmentName="seg_0" id="837DBFA5-0E62-50EE-0817-527E5D7682E8" name="CUENTA_EBURY">
<createdBy>vero7</createdBy>
<createdTime>2022-01-22 14:03:42 UTC</createdTime>
<generatorID>6331D7F5-8232-221F-11D4-37B1942FB190</generatorID>
<ownerDesignName>TRABAJO_EBURY</ownerDesignName>
<allowColumnReorder>false</allowColumnReorder>
<existDependencyGenerateInDDl>true</existDependencyGenerateInDDl>
<parsed>true</parsed>
<columns itemClass="oracle.dbtools.crest.model.design.relational.Column">
<Column name="Número_cuenta" id="B9A32E77-90E9-9BC7-6D5E-9604DED937E5">
<createdBy>vero7</createdBy>
<createdTime>2022-01-22 14:03:42 UTC</createdTime>
<generatorID>217ABDDC-B14F-6CFE-1922-57CB6309FD1C</generatorID>
<ownerDesignName>TRABAJO_EBURY</ownerDesignName>
<useDomainConstraints>false</useDomainConstraints>
<use>1</use>
<logicalDatatype>LOGDT011</logicalDatatype>
<ownDataTypeParameters>,,</ownDataTypeParameters>
<autoIncrementCycle>false</autoIncrementCycle>
</Column>
<Column name="Fecha_alta" id="8EC9876D-FBDB-654E-3669-6D9D39909B56">
<createdBy>vero7</createdBy>
<createdTime>2022-01-22 14:03:42 UTC</createdTime>
<generatorID>CD7EE906-1D4D-4089-C86F-B753ECFA1EDE</generatorID>
<ownerDesignName>TRABAJO_EBURY</ownerDesignName>
<useDomainConstraints>false</useDomainConstraints>
<use>1</use>
<logicalDatatype>LOGDT007</logicalDatatype>
<ownDataTypeParameters>,,</ownDataTypeParameters>
<autoIncrementCycle>false</autoIncrementCycle>
</Column>
<Column name="Fecha_baja" id="444225BD-908E-EC8C-233D-DA4A83D4DF35">
<createdBy>vero7</createdBy>
<createdTime>2022-01-22 14:03:42 UTC</createdTime>
<generatorID>FEF6E01F-FE55-36F5-984F-46BB300CDA6C</generatorID>
<ownerDesignName>TRABAJO_EBURY</ownerDesignName>
<nullsAllowed>true</nullsAllowed>
<useDomainConstraints>false</useDomainConstraints>
<use>1</use>
<logicalDatatype>LOGDT007</logicalDatatype>
<ownDataTypeParameters>,,</ownDataTypeParameters>
<autoIncrementCycle>false</autoIncrementCycle>
</Column>
<Column name="CLIENTE_Identificador" id="EB5E680B-EB50-F2CC-F721-C4750E65960D">
<createdBy>vero7</createdBy>
<createdTime>2022-01-22 14:03:42 UTC</createdTime>
<generatorID>AA07941F-360E-C03B-8F18-7987253FEE60</generatorID>
<ownerDesignName>TRABAJO_EBURY</ownerDesignName>
<useDomainConstraints>false</useDomainConstraints>
<use>1</use>
<logicalDatatype>LOGDT011</logicalDatatype>
<ownDataTypeParameters>,,</ownDataTypeParameters>
<previousColumn>false</previousColumn>
<autoIncrementCycle>false</autoIncrementCycle>
<associations>
<colAssociation fkAssociation="1886ABBB-7095-98F8-6D3D-ECD22BE8F9AB" referredColumn="1640FBEA-38F2-4E8F-B941-C3FCCDF19241"/>
</associations>
</Column>
</columns>
<indexes itemClass="oracle.dbtools.crest.model.design.relational.Index">
<ind_PK_UK id="99141859-F3BE-A6CE-9139-E6A34D6E40F8" name="CUENTA_EBURY_PK">
<createdBy>vero7</createdBy>
<createdTime>2022-01-22 14:03:42 UTC</createdTime>
<generatorID>76992E55-ADF7-4CC6-5989-6C7D54DC1D4C</generatorID>
<ownerDesignName>TRABAJO_EBURY</ownerDesignName>
<pk>true</pk>
<indexState>Primary Constraint</indexState>
<isSurrogateKey>false</isSurrogateKey>
<indexColumnUsage>
<colUsage columnID="B9A32E77-90E9-9BC7-6D5E-9604DED937E5"/>
</indexColumnUsage>
</ind_PK_UK>
<ind_PK_UK id="DE478AC8-06B5-323A-7972-915AA210A438" name="CUENTA_EBURY_CLIENTE_FK">
<createdBy>vero7</createdBy>
<createdTime>2022-01-22 14:03:42 UTC</createdTime>
<generatorID>D6E9CA37-8D2C-414F-1936-59DCC6218D3C</generatorID>
<ownerDesignName>TRABAJO_EBURY</ownerDesignName>
<indexState>Foreign Key</indexState>
<isSurrogateKey>false</isSurrogateKey>
<indexColumnUsage>
<colUsage columnID="EB5E680B-EB50-F2CC-F721-C4750E65960D"/>
</indexColumnUsage>
</ind_PK_UK>
</indexes>
</Table>