<?xml version = '1.0' encoding = 'UTF-8'?>
<Table class="oracle.dbtools.crest.model.design.relational.Table" directorySegmentName="seg_0" id="8C52632B-B8D4-6FC4-A8F6-9B163BE5681B" name="EMPRESA">
<createdBy>vero7</createdBy>
<createdTime>2022-01-22 14:03:42 UTC</createdTime>
<generatorID>A184F535-B77C-04D0-6A4D-B77C982E6244</generatorID>
<ownerDesignName>TRABAJO_EBURY</ownerDesignName>
<allowColumnReorder>false</allowColumnReorder>
<existDependencyGenerateInDDl>true</existDependencyGenerateInDDl>
<parsed>true</parsed>
<columns itemClass="oracle.dbtools.crest.model.design.relational.Column">
<Column name="Identificador" id="808AA1C9-46EC-C5F4-6215-A69B773FD5E3">
<createdBy>vero7</createdBy>
<createdTime>2022-01-22 14:03:42 UTC</createdTime>
<generatorID>8CE84802-A059-48BB-966A-2E1D043039B1</generatorID>
<ownerDesignName>TRABAJO_EBURY</ownerDesignName>
<useDomainConstraints>false</useDomainConstraints>
<use>1</use>
<logicalDatatype>LOGDT011</logicalDatatype>
<ownDataTypeParameters>,,</ownDataTypeParameters>
<autoIncrementCycle>false</autoIncrementCycle>
<associations>
<colAssociation fkAssociation="258C56AA-85A7-F230-EF32-EA4F80F93E6B" referredColumn="1640FBEA-38F2-4E8F-B941-C3FCCDF19241"/>
</associations>
</Column>
<Column name="Nombre" id="7F491716-54A1-5892-D34D-C4A9C77C121C">
<createdBy>vero7</createdBy>
<createdTime>2022-01-22 14:03:42 UTC</createdTime>
<generatorID>BCEB34F0-A1AC-356B-37DE-D0FBE52F9347</generatorID>
<ownerDesignName>TRABAJO_EBURY</ownerDesignName>
<nullsAllowed>true</nullsAllowed>
<useDomainConstraints>false</useDomainConstraints>
<use>1</use>
<logicalDatatype>LOGDT011</logicalDatatype>
<ownDataTypeParameters>,,</ownDataTypeParameters>
<autoIncrementCycle>false</autoIncrementCycle>
</Column>
<Column name="Razon_social" id="3BFEEBDD-B461-B7F8-4300-64DEA2F20904">
<createdBy>vero7</createdBy>
<createdTime>2022-01-22 14:03:42 UTC</createdTime>
<generatorID>BC1FD1FA-1D55-2DC9-D54C-BFE1BE49D117</generatorID>
<ownerDesignName>TRABAJO_EBURY</ownerDesignName>
<useDomainConstraints>false</useDomainConstraints>
<use>1</use>
<logicalDatatype>LOGDT024</logicalDatatype>
<dataTypeSize>25 CHAR</dataTypeSize>
<ownDataTypeParameters>25 CHAR,,</ownDataTypeParameters>
<autoIncrementCycle>false</autoIncrementCycle>
</Column>
<Column name="NIF" id="3CF5ADC0-C7D0-CBC2-DCD4-0FF37F015931">
<createdBy>vero7</createdBy>
<createdTime>2022-01-22 14:03:42 UTC</createdTime>
<generatorID>563D4D58-9F4A-FB5A-B7C1-D464E735ABCD</generatorID>
<ownerDesignName>TRABAJO_EBURY</ownerDesignName>
<nullsAllowed>true</nullsAllowed>
<useDomainConstraints>false</useDomainConstraints>
<use>1</use>
<logicalDatatype>LOGDT024</logicalDatatype>
<dataTypeSize>25 CHAR</dataTypeSize>
<ownDataTypeParameters>25 CHAR,,</ownDataTypeParameters>
<autoIncrementCycle>false</autoIncrementCycle>
</Column>
<Column name="Pagina_web" id="8EBC4B6C-5F1B-2CEB-7B45-53EAD65CD756">
<createdBy>vero7</createdBy>
<createdTime>2022-01-22 14:03:42 UTC</createdTime>
<generatorID>4EEF1E9B-DD62-6715-1E78-F674ED4369A1</generatorID>
<ownerDesignName>TRABAJO_EBURY</ownerDesignName>
<nullsAllowed>true</nullsAllowed>
<useDomainConstraints>false</useDomainConstraints>
<use>1</use>
<logicalDatatype>LOGDT024</logicalDatatype>
<dataTypeSize>25 CHAR</dataTypeSize>
<ownDataTypeParameters>25 CHAR,,</ownDataTypeParameters>
<autoIncrementCycle>false</autoIncrementCycle>
</Column>
<Column name="Teléfono" id="7C050AA8-3406-6682-CE84-A99608AD17C1">
<createdBy>vero7</createdBy>
<createdTime>2022-01-22 14:03:42 UTC</createdTime>
<generatorID>9B077843-7849-7645-F74F-982346305A38</generatorID>
<ownerDesignName>TRABAJO_EBURY</ownerDesignName>
<nullsAllowed>true</nullsAllowed>
<useDomainConstraints>false</useDomainConstraints>
<use>1</use>
<logicalDatatype>LOGDT011</logicalDatatype>
<ownDataTypeParameters>,,</ownDataTypeParameters>
<autoIncrementCycle>false</autoIncrementCycle>
</Column>
<Column name="Correo" id="C92E920A-6512-85EB-957D-C2C283AF4D6E">
<createdBy>vero7</createdBy>
<createdTime>2022-01-22 14:03:42 UTC</createdTime>
<generatorID>E4404D88-F6F1-DB5E-6300-3511B474CA91</generatorID>
<ownerDesignName>TRABAJO_EBURY</ownerDesignName>
<nullsAllowed>true</nullsAllowed>
<useDomainConstraints>false</useDomainConstraints>
<use>1</use>
<logicalDatatype>LOGDT024</logicalDatatype>
<dataTypeSize>25 CHAR</dataTypeSize>
<ownDataTypeParameters>25 CHAR,,</ownDataTypeParameters>
<autoIncrementCycle>false</autoIncrementCycle>
</Column>
</columns>
<indexes itemClass="oracle.dbtools.crest.model.design.relational.Index">
<ind_PK_UK id="1EA58046-C218-94B8-F1AE-CDF0E1FD4FF5" name="EMPRESA_PK">
<createdBy>vero7</createdBy>
<createdTime>2022-01-22 14:03:42 UTC</createdTime>
<generatorID>C13BEE0F-162A-08DB-BDB1-3536B5877E8C</generatorID>
<ownerDesignName>TRABAJO_EBURY</ownerDesignName>
<pk>true</pk>
<indexState>Primary Constraint</indexState>
<isSurrogateKey>false</isSurrogateKey>
<indexColumnUsage>
<colUsage columnID="808AA1C9-46EC-C5F4-6215-A69B773FD5E3"/>
</indexColumnUsage>
</ind_PK_UK>
<ind_PK_UK id="B1555E8C-7904-170C-263C-7A8668BE1AE4" name="EMPRESA_Nombre_UN">
<createdBy>vero7</createdBy>
<createdTime>2022-01-22 14:03:42 UTC</createdTime>
<generatorID>9FE40ECE-EA0E-0327-3FC9-9AC8D6E810DB</generatorID>
<ownerDesignName>TRABAJO_EBURY</ownerDesignName>
<indexState>Unique Constraint</indexState>
<isSurrogateKey>false</isSurrogateKey>
<indexColumnUsage>
<colUsage columnID="7F491716-54A1-5892-D34D-C4A9C77C121C"/>
</indexColumnUsage>
</ind_PK_UK>
<ind_PK_UK id="413AC933-6BEA-8091-9046-A44822811219" name="EMPRESA_NIF_UN">
<createdBy>vero7</createdBy>
<createdTime>2022-01-22 14:03:42 UTC</createdTime>
<generatorID>1B190AE0-6CA1-7D41-A68F-BB8015A62BB6</generatorID>
<ownerDesignName>TRABAJO_EBURY</ownerDesignName>
<indexState>Unique Constraint</indexState>
<isSurrogateKey>false</isSurrogateKey>
<indexColumnUsage>
<colUsage columnID="3CF5ADC0-C7D0-CBC2-DCD4-0FF37F015931"/>
</indexColumnUsage>
</ind_PK_UK>
<ind_PK_UK id="F8291621-DD5A-00EB-5714-DC603EC609D5" name="EMPRESA_Pagina_web_UN">
<createdBy>vero7</createdBy>
<createdTime>2022-01-22 14:03:42 UTC</createdTime>
<generatorID>7720913F-CD7F-07B7-AB64-5F841A13FCD1</generatorID>
<ownerDesignName>TRABAJO_EBURY</ownerDesignName>
<indexState>Unique Constraint</indexState>
<isSurrogateKey>false</isSurrogateKey>
<indexColumnUsage>
<colUsage columnID="8EBC4B6C-5F1B-2CEB-7B45-53EAD65CD756"/>
</indexColumnUsage>
</ind_PK_UK>
<ind_PK_UK id="3635CB6D-2FBB-123B-2657-E5D65831FB7C" name="EMPRESA_Teléfono_UN">
<createdBy>vero7</createdBy>
<createdTime>2022-01-22 14:03:42 UTC</createdTime>
<generatorID>F6B990E5-6589-E8A1-8759-7DF0DF320899</generatorID>
<ownerDesignName>TRABAJO_EBURY</ownerDesignName>
<indexState>Unique Constraint</indexState>
<isSurrogateKey>false</isSurrogateKey>
<indexColumnUsage>
<colUsage columnID="7C050AA8-3406-6682-CE84-A99608AD17C1"/>
</indexColumnUsage>
</ind_PK_UK>
<ind_PK_UK id="D9D8C1F1-3597-DAA3-4FE0-2BD3129FB8FC" name="EMPRESA_Correo_UN">
<createdBy>vero7</createdBy>
<createdTime>2022-01-22 14:03:42 UTC</createdTime>
<generatorID>3CDF6042-181F-ABEA-605D-E38E41501028</generatorID>
<ownerDesignName>TRABAJO_EBURY</ownerDesignName>
<indexState>Unique Constraint</indexState>
<isSurrogateKey>false</isSurrogateKey>
<indexColumnUsage>
<colUsage columnID="C92E920A-6512-85EB-957D-C2C283AF4D6E"/>
</indexColumnUsage>
</ind_PK_UK>
<ind_PK_UK id="5C2A9BEA-C9EC-A53C-943A-72E1E1214D64" name="EMPRESA_CLIENTE_FK">
<createdBy>vero7</createdBy>
<createdTime>2022-01-22 14:03:42 UTC</createdTime>
<generatorID>41F9E14F-7915-2698-27A7-CB6057A0A56B</generatorID>
<ownerDesignName>TRABAJO_EBURY</ownerDesignName>
<indexState>Foreign Key</indexState>
<isSurrogateKey>false</isSurrogateKey>
<indexColumnUsage>
<colUsage columnID="808AA1C9-46EC-C5F4-6215-A69B773FD5E3"/>
</indexColumnUsage>
</ind_PK_UK>
</indexes>
</Table>