<?xml version = '1.0' encoding = 'UTF-8'?>
<Table class="oracle.dbtools.crest.model.design.relational.Table" directorySegmentName="seg_0" id="966864D8-4D17-D645-6A79-10BB32AD8B94" name="POOLED">
<createdBy>vero7</createdBy>
<createdTime>2022-01-22 14:03:42 UTC</createdTime>
<generatorID>D77C6140-7C49-15ED-1FB8-0A4F0E5639D9</generatorID>
<ownerDesignName>TRABAJO_EBURY</ownerDesignName>
<allowColumnReorder>false</allowColumnReorder>
<existDependencyGenerateInDDl>true</existDependencyGenerateInDDl>
<parsed>true</parsed>
<columns itemClass="oracle.dbtools.crest.model.design.relational.Column">
<Column name="Número_cuenta" id="2C58405C-9542-6565-4CA0-D52B9E89F846">
<createdBy>vero7</createdBy>
<createdTime>2022-01-22 14:03:42 UTC</createdTime>
<generatorID>217ABDDC-B14F-6CFE-1922-57CB6309FD1C</generatorID>
<ownerDesignName>TRABAJO_EBURY</ownerDesignName>
<useDomainConstraints>false</useDomainConstraints>
<use>1</use>
<logicalDatatype>LOGDT011</logicalDatatype>
<ownDataTypeParameters>,,</ownDataTypeParameters>
<autoIncrementCycle>false</autoIncrementCycle>
<associations>
<colAssociation fkAssociation="D3A67EDB-AF9A-4CDF-6937-69F9520DFF8F" referredColumn="B9A32E77-90E9-9BC7-6D5E-9604DED937E5"/>
</associations>
</Column>
</columns>
<indexes itemClass="oracle.dbtools.crest.model.design.relational.Index">
<ind_PK_UK id="93D0DD62-2705-FBED-A0DC-D58784F2B235" name="POOLED_PK">
<createdBy>vero7</createdBy>
<createdTime>2022-01-22 14:03:42 UTC</createdTime>
<generatorID>76992E55-ADF7-4CC6-5989-6C7D54DC1D4C</generatorID>
<ownerDesignName>TRABAJO_EBURY</ownerDesignName>
<pk>true</pk>
<indexState>Primary Constraint</indexState>
<isSurrogateKey>false</isSurrogateKey>
<indexColumnUsage>
<colUsage columnID="2C58405C-9542-6565-4CA0-D52B9E89F846"/>
</indexColumnUsage>
</ind_PK_UK>
<ind_PK_UK id="1088806B-5E63-AFF1-E94D-E07FC39DF839" name="POOLED_CUENTA_EBURY_FK">
<createdBy>vero7</createdBy>
<createdTime>2022-01-22 14:03:42 UTC</createdTime>
<generatorID>D74331E5-ECAA-9EFC-5851-9FB4DEB55418</generatorID>
<ownerDesignName>TRABAJO_EBURY</ownerDesignName>
<indexState>Foreign Key</indexState>
<isSurrogateKey>false</isSurrogateKey>
<indexColumnUsage>
<colUsage columnID="2C58405C-9542-6565-4CA0-D52B9E89F846"/>
</indexColumnUsage>
</ind_PK_UK>
</indexes>
</Table>