<?xml version = '1.0' encoding = 'UTF-8'?>
<Table class="oracle.dbtools.crest.model.design.relational.Table" directorySegmentName="seg_0" id="AC6951C0-8A8C-1D12-EDA6-16005859C677" name="CR_POO">
<createdBy>vero7</createdBy>
<createdTime>2022-01-22 14:03:42 UTC</createdTime>
<ownerDesignName>TRABAJO_EBURY</ownerDesignName>
<allowColumnReorder>false</allowColumnReorder>
<existDependencyGenerateInDDl>true</existDependencyGenerateInDDl>
<parsed>true</parsed>
<columns itemClass="oracle.dbtools.crest.model.design.relational.Column">
<Column name="CUENTA_REFERENCIA_IBAN" id="4C102B3F-90ED-4EC1-74DC-F47D248751A6">
<createdBy>vero7</createdBy>
<createdTime>2022-01-22 14:03:42 UTC</createdTime>
<ownerDesignName>TRABAJO_EBURY</ownerDesignName>
<useDomainConstraints>false</useDomainConstraints>
<use>1</use>
<logicalDatatype>LOGDT024</logicalDatatype>
<dataTypeSize>34 CHAR</dataTypeSize>
<ownDataTypeParameters>34 CHAR,,</ownDataTypeParameters>
<previousColumn>false</previousColumn>
<autoIncrementCycle>false</autoIncrementCycle>
<associations>
<colAssociation fkAssociation="63DBEA99-F0A8-C84E-B172-0AC2DCA51A9F" referredColumn="D871849B-196F-9EB1-C42E-01C508D2E47E"/>
</associations>
</Column>
<Column name="POOLED_Número_cuenta" id="FD4AF46A-F3EC-4576-96B3-354FD51A7AC6">
<createdBy>vero7</createdBy>
<createdTime>2022-01-22 14:03:42 UTC</createdTime>
<ownerDesignName>TRABAJO_EBURY</ownerDesignName>
<useDomainConstraints>false</useDomainConstraints>
<use>1</use>
<logicalDatatype>LOGDT011</logicalDatatype>
<ownDataTypeParameters>,,</ownDataTypeParameters>
<previousColumn>false</previousColumn>
<autoIncrementCycle>false</autoIncrementCycle>
<associations>
<colAssociation fkAssociation="A98EF585-47B3-59BA-D49C-8FF8407E3A8A" referredColumn="2C58405C-9542-6565-4CA0-D52B9E89F846"/>
</associations>
</Column>
</columns>
<indexes itemClass="oracle.dbtools.crest.model.design.relational.Index">
<ind_PK_UK id="0FB463F4-5CB6-9F3E-9346-52DC58D0B471" name="CR_POO_PK">
<createdBy>vero7</createdBy>
<createdTime>2022-01-22 14:03:42 UTC</createdTime>
<ownerDesignName>TRABAJO_EBURY</ownerDesignName>
<pk>true</pk>
<indexState>Primary Constraint</indexState>
<isSurrogateKey>false</isSurrogateKey>
<indexColumnUsage>
<colUsage columnID="4C102B3F-90ED-4EC1-74DC-F47D248751A6"/>
<colUsage columnID="FD4AF46A-F3EC-4576-96B3-354FD51A7AC6"/>
</indexColumnUsage>
</ind_PK_UK>
<ind_PK_UK id="FE254E0D-03A8-2F54-8C73-7E3B4FC0FE35" name="CR_POO_CUENTA_REFERENCIA_FK">
<createdBy>vero7</createdBy>
<createdTime>2022-01-22 14:03:42 UTC</createdTime>
<generatorID>A2CA723E-532E-822D-B3CD-440FFC8903A7</generatorID>
<ownerDesignName>TRABAJO_EBURY</ownerDesignName>
<indexState>Foreign Key</indexState>
<isSurrogateKey>false</isSurrogateKey>
<indexColumnUsage>
<colUsage columnID="4C102B3F-90ED-4EC1-74DC-F47D248751A6"/>
</indexColumnUsage>
</ind_PK_UK>
<ind_PK_UK id="79B4AA03-2C24-1A66-7A97-B538CE7AF106" name="CR_POO_POOLED_FK">
<createdBy>vero7</createdBy>
<createdTime>2022-01-22 14:03:42 UTC</createdTime>
<generatorID>A2CA723E-532E-822D-B3CD-440FFC8903A7</generatorID>
<ownerDesignName>TRABAJO_EBURY</ownerDesignName>
<indexState>Foreign Key</indexState>
<isSurrogateKey>false</isSurrogateKey>
<indexColumnUsage>
<colUsage columnID="FD4AF46A-F3EC-4576-96B3-354FD51A7AC6"/>
</indexColumnUsage>
</ind_PK_UK>
</indexes>
</Table>