<?xml version = '1.0' encoding = 'UTF-8'?>
<Table class="oracle.dbtools.crest.model.design.relational.Table" directorySegmentName="seg_0" id="B3C66B39-B176-282A-9288-B14A4744EFEC" name="SEGREGATED">
<createdBy>vero7</createdBy>
<createdTime>2022-01-22 14:03:42 UTC</createdTime>
<generatorID>1C380640-B416-F94C-71F8-146066B58ECA</generatorID>
<ownerDesignName>TRABAJO_EBURY</ownerDesignName>
<allowColumnReorder>false</allowColumnReorder>
<existDependencyGenerateInDDl>true</existDependencyGenerateInDDl>
<parsed>true</parsed>
<columns itemClass="oracle.dbtools.crest.model.design.relational.Column">
<Column name="Número_cuenta" id="FD50A5A8-A143-B31B-9DA3-18A7ADB995B2">
<createdBy>vero7</createdBy>
<createdTime>2022-01-22 14:03:42 UTC</createdTime>
<generatorID>217ABDDC-B14F-6CFE-1922-57CB6309FD1C</generatorID>
<ownerDesignName>TRABAJO_EBURY</ownerDesignName>
<useDomainConstraints>false</useDomainConstraints>
<use>1</use>
<logicalDatatype>LOGDT011</logicalDatatype>
<ownDataTypeParameters>,,</ownDataTypeParameters>
<autoIncrementCycle>false</autoIncrementCycle>
<associations>
<colAssociation fkAssociation="A8E1E5E5-F9E4-B736-BF99-6F4898707295" referredColumn="B9A32E77-90E9-9BC7-6D5E-9604DED937E5"/>
</associations>
</Column>
<Column name="CUENTA_REFERENCIA_IBAN" id="08E11EDB-B3D5-5FF9-4336-5424329A1312">
<createdBy>vero7</createdBy>
<createdTime>2022-01-22 14:03:42 UTC</createdTime>
<generatorID>35F96BF6-7501-7793-5377-F7E73928476A</generatorID>
<ownerDesignName>TRABAJO_EBURY</ownerDesignName>
<useDomainConstraints>false</useDomainConstraints>
<use>1</use>
<logicalDatatype>LOGDT024</logicalDatatype>
<dataTypeSize>34 CHAR</dataTypeSize>
<ownDataTypeParameters>34 CHAR,,</ownDataTypeParameters>
<previousColumn>false</previousColumn>
<autoIncrementCycle>false</autoIncrementCycle>
<associations>
<colAssociation fkAssociation="BA7B9FCF-D092-96F7-0269-81D259D2E911" referredColumn="D871849B-196F-9EB1-C42E-01C508D2E47E"/>
</associations>
</Column>
</columns>
<indexes itemClass="oracle.dbtools.crest.model.design.relational.Index">
<ind_PK_UK id="76F666E2-DCF3-F0DE-2CD5-54557368370F" name="SEGREGATED_PK">
<createdBy>vero7</createdBy>
<createdTime>2022-01-22 14:03:42 UTC</createdTime>
<generatorID>76992E55-ADF7-4CC6-5989-6C7D54DC1D4C</generatorID>
<ownerDesignName>TRABAJO_EBURY</ownerDesignName>
<pk>true</pk>
<indexState>Primary Constraint</indexState>
<isSurrogateKey>false</isSurrogateKey>
<indexColumnUsage>
<colUsage columnID="FD50A5A8-A143-B31B-9DA3-18A7ADB995B2"/>
</indexColumnUsage>
</ind_PK_UK>
<ind_PK_UK id="8B7BF940-018E-F666-5675-9FCD058EB8F1" name="SEGREGATED_CUENTA_EBURY_FK">
<createdBy>vero7</createdBy>
<createdTime>2022-01-22 14:03:42 UTC</createdTime>
<generatorID>5DDD4FAE-252C-D325-6D3A-1F9DEAE078E9</generatorID>
<ownerDesignName>TRABAJO_EBURY</ownerDesignName>
<indexState>Foreign Key</indexState>
<isSurrogateKey>false</isSurrogateKey>
<indexColumnUsage>
<colUsage columnID="FD50A5A8-A143-B31B-9DA3-18A7ADB995B2"/>
</indexColumnUsage>
</ind_PK_UK>
<ind_PK_UK id="7D77A6ED-C6EC-89F3-93F8-E1330C80FAC0" name="SEGREGATED_CUENTA_REFERENCIA_FK">
<createdBy>vero7</createdBy>
<createdTime>2022-01-22 14:03:42 UTC</createdTime>
<generatorID>8AD0B05E-DDDF-82A2-2B3A-CB233E717A2D</generatorID>
<ownerDesignName>TRABAJO_EBURY</ownerDesignName>
<indexState>Foreign Key</indexState>
<isSurrogateKey>false</isSurrogateKey>
<indexColumnUsage>
<colUsage columnID="08E11EDB-B3D5-5FF9-4336-5424329A1312"/>
</indexColumnUsage>
</ind_PK_UK>
</indexes>
</Table>