<?xml version = '1.0' encoding = 'UTF-8'?>
<Table class="oracle.dbtools.crest.model.design.relational.Table" directorySegmentName="seg_0" id="C0166D4A-1734-0408-BF7F-CE2B07C89D8F" name="INDIVIDUAL">
<createdBy>vero7</createdBy>
<createdTime>2022-01-22 14:03:42 UTC</createdTime>
<generatorID>CC0A9A18-BE09-0970-FA08-C5301C6CCB35</generatorID>
<ownerDesignName>TRABAJO_EBURY</ownerDesignName>
<allowColumnReorder>false</allowColumnReorder>
<existDependencyGenerateInDDl>true</existDependencyGenerateInDDl>
<parsed>true</parsed>
<columns itemClass="oracle.dbtools.crest.model.design.relational.Column">
<Column name="Identificador" id="A9739CC9-7E69-01A6-033C-3F40BB21633C">
<createdBy>vero7</createdBy>
<createdTime>2022-01-22 14:03:42 UTC</createdTime>
<generatorID>8CE84802-A059-48BB-966A-2E1D043039B1</generatorID>
<ownerDesignName>TRABAJO_EBURY</ownerDesignName>
<useDomainConstraints>false</useDomainConstraints>
<use>1</use>
<logicalDatatype>LOGDT011</logicalDatatype>
<ownDataTypeParameters>,,</ownDataTypeParameters>
<autoIncrementCycle>false</autoIncrementCycle>
<associations>
<colAssociation fkAssociation="CE5C7A2B-0BF9-B0B8-6849-82F654F455BD" referredColumn="1640FBEA-38F2-4E8F-B941-C3FCCDF19241"/>
</associations>
</Column>
<Column name="Nombre" id="158437DC-2C76-1E34-6F14-6E1396AC6299">
<createdBy>vero7</createdBy>
<createdTime>2022-01-22 14:03:42 UTC</createdTime>
<generatorID>2152CEA6-BC98-F05A-926C-038AF1F7E257</generatorID>
<ownerDesignName>TRABAJO_EBURY</ownerDesignName>
<useDomainConstraints>false</useDomainConstraints>
<use>1</use>
<logicalDatatype>LOGDT024</logicalDatatype>
<dataTypeSize>25 CHAR</dataTypeSize>
<ownDataTypeParameters>25 CHAR,,</ownDataTypeParameters>
<autoIncrementCycle>false</autoIncrementCycle>
</Column>
<Column name="Apellidos" id="460B18CA-8C6C-8D1D-9F05-ADC92D7D2A8B">
<createdBy>vero7</createdBy>
<createdTime>2022-01-22 14:03:42 UTC</createdTime>
<generatorID>D870E121-6B98-565C-5A45-50470F11C0F0</generatorID>
<ownerDesignName>TRABAJO_EBURY</ownerDesignName>
<useDomainConstraints>false</useDomainConstraints>
<use>1</use>
<logicalDatatype>LOGDT024</logicalDatatype>
<dataTypeSize>25 CHAR</dataTypeSize>
<ownDataTypeParameters>25 CHAR,,</ownDataTypeParameters>
<autoIncrementCycle>false</autoIncrementCycle>
</Column>
<Column name="Correo" id="A75DB682-907F-1AFF-D49D-222F9EA1AED6">
<createdBy>vero7</createdBy>
<createdTime>2022-01-22 14:03:42 UTC</createdTime>
<generatorID>4E7DB263-B846-84A8-08E9-4F39B690159E</generatorID>
<ownerDesignName>TRABAJO_EBURY</ownerDesignName>
<nullsAllowed>true</nullsAllowed>
<useDomainConstraints>false</useDomainConstraints>
<use>1</use>
<logicalDatatype>LOGDT024</logicalDatatype>
<dataTypeSize>25 CHAR</dataTypeSize>
<ownDataTypeParameters>25 CHAR,,</ownDataTypeParameters>
<autoIncrementCycle>false</autoIncrementCycle>
</Column>
<Column name="DNI" id="CB52D935-1F66-6826-E08F-EC3831AE010F">
<createdBy>vero7</createdBy>
<createdTime>2022-01-22 14:03:42 UTC</createdTime>
<generatorID>99474306-C4B8-252C-E08B-F4A29D4E3ECE</generatorID>
<ownerDesignName>TRABAJO_EBURY</ownerDesignName>
<nullsAllowed>true</nullsAllowed>
<useDomainConstraints>false</useDomainConstraints>
<use>1</use>
<logicalDatatype>LOGDT024</logicalDatatype>
<dataTypeSize>9 CHAR</dataTypeSize>
<ownDataTypeParameters>9 CHAR,,</ownDataTypeParameters>
<autoIncrementCycle>false</autoIncrementCycle>
</Column>
<Column name="Fecha_nacimiento" id="E2270A88-19AC-DD8A-802C-7C109EB4D30B">
<createdBy>vero7</createdBy>
<createdTime>2022-01-22 14:03:42 UTC</createdTime>
<generatorID>79D30A6D-B7FD-1330-89C8-385415D54DEB</generatorID>
<ownerDesignName>TRABAJO_EBURY</ownerDesignName>
<nullsAllowed>true</nullsAllowed>
<useDomainConstraints>false</useDomainConstraints>
<use>1</use>
<logicalDatatype>LOGDT007</logicalDatatype>
<ownDataTypeParameters>,,</ownDataTypeParameters>
<autoIncrementCycle>false</autoIncrementCycle>
</Column>
<Column name="Teléfono" id="289315A1-0654-7BB1-C9FD-7EBEC34AC045">
<createdBy>vero7</createdBy>
<createdTime>2022-01-22 14:03:42 UTC</createdTime>
<generatorID>B2F47D0E-43D2-3DBB-EECC-71C86C723ACC</generatorID>
<ownerDesignName>TRABAJO_EBURY</ownerDesignName>
<nullsAllowed>true</nullsAllowed>
<useDomainConstraints>false</useDomainConstraints>
<use>1</use>
<logicalDatatype>LOGDT011</logicalDatatype>
<ownDataTypeParameters>,,</ownDataTypeParameters>
<autoIncrementCycle>false</autoIncrementCycle>
</Column>
<Column name="Ocupación" id="F80E4B5C-8802-7365-37E3-6629C24AA281">
<createdBy>vero7</createdBy>
<createdTime>2022-01-22 14:03:42 UTC</createdTime>
<generatorID>ED50F28B-106F-876E-3E14-C0F83B933329</generatorID>
<ownerDesignName>TRABAJO_EBURY</ownerDesignName>
<nullsAllowed>true</nullsAllowed>
<useDomainConstraints>false</useDomainConstraints>
<use>1</use>
<logicalDatatype>LOGDT024</logicalDatatype>
<dataTypeSize>25 CHAR</dataTypeSize>
<ownDataTypeParameters>25 CHAR,,</ownDataTypeParameters>
<autoIncrementCycle>false</autoIncrementCycle>
</Column>
</columns>
<indexes itemClass="oracle.dbtools.crest.model.design.relational.Index">
<ind_PK_UK id="1FE41C6A-EA7D-6009-ABF9-C0BC86E69E25" name="INDIVIDUAL_PK">
<createdBy>vero7</createdBy>
<createdTime>2022-01-22 14:03:42 UTC</createdTime>
<generatorID>C13BEE0F-162A-08DB-BDB1-3536B5877E8C</generatorID>
<ownerDesignName>TRABAJO_EBURY</ownerDesignName>
<pk>true</pk>
<indexState>Primary Constraint</indexState>
<isSurrogateKey>false</isSurrogateKey>
<indexColumnUsage>
<colUsage columnID="A9739CC9-7E69-01A6-033C-3F40BB21633C"/>
</indexColumnUsage>
</ind_PK_UK>
<ind_PK_UK id="A8F4EE67-E102-90B2-C541-8D07304DFFB8" name="INDIVIDUAL_Correo_UN">
<createdBy>vero7</createdBy>
<createdTime>2022-01-22 14:03:42 UTC</createdTime>
<generatorID>BAA73444-3D8D-D5E4-D1E1-A54769EFD7A9</generatorID>
<ownerDesignName>TRABAJO_EBURY</ownerDesignName>
<indexState>Unique Constraint</indexState>
<isSurrogateKey>false</isSurrogateKey>
<indexColumnUsage>
<colUsage columnID="A75DB682-907F-1AFF-D49D-222F9EA1AED6"/>
</indexColumnUsage>
</ind_PK_UK>
<ind_PK_UK id="19092102-22EB-3E6C-3770-7D0546E685A9" name="INDIVIDUAL_DNI_UN">
<createdBy>vero7</createdBy>
<createdTime>2022-01-22 14:03:42 UTC</createdTime>
<generatorID>825023E1-42AF-A61B-3F80-20715C79985A</generatorID>
<ownerDesignName>TRABAJO_EBURY</ownerDesignName>
<indexState>Unique Constraint</indexState>
<isSurrogateKey>false</isSurrogateKey>
<indexColumnUsage>
<colUsage columnID="CB52D935-1F66-6826-E08F-EC3831AE010F"/>
</indexColumnUsage>
</ind_PK_UK>
<ind_PK_UK id="C12255FD-A85D-8E10-0862-017DCDD7C8BE" name="INDIVIDUAL_Teléfono_UN">
<createdBy>vero7</createdBy>
<createdTime>2022-01-22 14:03:42 UTC</createdTime>
<generatorID>30FC92C7-9FF5-30BA-3D3F-AB667BF86BE2</generatorID>
<ownerDesignName>TRABAJO_EBURY</ownerDesignName>
<indexState>Unique Constraint</indexState>
<isSurrogateKey>false</isSurrogateKey>
<indexColumnUsage>
<colUsage columnID="289315A1-0654-7BB1-C9FD-7EBEC34AC045"/>
</indexColumnUsage>
</ind_PK_UK>
<ind_PK_UK id="6C1805CD-5002-CFE4-3D61-7AC7EF402DDF" name="INDIVIDUAL_CLIENTE_FK">
<createdBy>vero7</createdBy>
<createdTime>2022-01-22 14:03:42 UTC</createdTime>
<generatorID>2CD0DF2B-D9A6-74D7-9D4A-F8D12E5498E1</generatorID>
<ownerDesignName>TRABAJO_EBURY</ownerDesignName>
<indexState>Foreign Key</indexState>
<isSurrogateKey>false</isSurrogateKey>
<indexColumnUsage>
<colUsage columnID="A9739CC9-7E69-01A6-033C-3F40BB21633C"/>
</indexColumnUsage>
</ind_PK_UK>
</indexes>
</Table>