<?xml version = '1.0' encoding = 'UTF-8'?>
<Table class="oracle.dbtools.crest.model.design.relational.Table" directorySegmentName="seg_0" id="C549F6BD-EE5C-B95E-BAA8-2016AB518684" name="PERSONA_AUTORIZADA">
<createdBy>vero7</createdBy>
<createdTime>2022-01-22 14:03:42 UTC</createdTime>
<generatorID>05B822F3-3334-76A5-7B44-4D292BDB4F71</generatorID>
<ownerDesignName>TRABAJO_EBURY</ownerDesignName>
<allowColumnReorder>false</allowColumnReorder>
<existDependencyGenerateInDDl>true</existDependencyGenerateInDDl>
<parsed>true</parsed>
<columns itemClass="oracle.dbtools.crest.model.design.relational.Column">
<Column name="DNI" id="4F7E92C7-F726-8AA4-BD51-7ACA14D54873">
<createdBy>vero7</createdBy>
<createdTime>2022-01-22 14:03:42 UTC</createdTime>
<generatorID>E78A1E72-854A-6FF9-D6A1-51CF835E34A4</generatorID>
<ownerDesignName>TRABAJO_EBURY</ownerDesignName>
<useDomainConstraints>false</useDomainConstraints>
<use>1</use>
<logicalDatatype>LOGDT024</logicalDatatype>
<dataTypeSize>9 CHAR</dataTypeSize>
<ownDataTypeParameters>9 CHAR,,</ownDataTypeParameters>
<autoIncrementCycle>false</autoIncrementCycle>
</Column>
<Column name="Nombre" id="927F3654-ECAE-FB73-1D1C-159F89DB1E56">
<createdBy>vero7</createdBy>
<createdTime>2022-01-22 14:03:42 UTC</createdTime>
<generatorID>8D9D0D7E-CF96-29C8-7D78-61CF472F466E</generatorID>
<ownerDesignName>TRABAJO_EBURY</ownerDesignName>
<nullsAllowed>true</nullsAllowed>
<useDomainConstraints>false</useDomainConstraints>
<use>1</use>
<logicalDatatype>LOGDT024</logicalDatatype>
<dataTypeSize>25 CHAR</dataTypeSize>
<ownDataTypeParameters>25 CHAR,,</ownDataTypeParameters>
<autoIncrementCycle>false</autoIncrementCycle>
</Column>
<Column name="Apellidos" id="9394D1BA-D2DE-77D2-51E4-07FCBC46A52A">
<createdBy>vero7</createdBy>
<createdTime>2022-01-22 14:03:42 UTC</createdTime>
<generatorID>147FEA84-F3CD-00FE-9760-01C8029DD8D0</generatorID>
<ownerDesignName>TRABAJO_EBURY</ownerDesignName>
<nullsAllowed>true</nullsAllowed>
<useDomainConstraints>false</useDomainConstraints>
<use>1</use>
<logicalDatatype>LOGDT024</logicalDatatype>
<dataTypeSize>25 CHAR</dataTypeSize>
<ownDataTypeParameters>25 CHAR,,</ownDataTypeParameters>
<autoIncrementCycle>false</autoIncrementCycle>
</Column>
<Column name="DIRECCION_Código_postal" id="2FEC85BD-E821-0A8C-7858-EB6B1AB2B123">
<createdBy>vero7</createdBy>
<createdTime>2022-01-24 19:07:21 UTC</createdTime>
<generatorID>4B6DF2C3-70C9-5DF5-8F15-0BB6ED6C5624</generatorID>
<ownerDesignName>TRABAJO_EBURY</ownerDesignName>
<useDomainConstraints>false</useDomainConstraints>
<use>1</use>
<logicalDatatype>LOGDT011</logicalDatatype>
<ownDataTypeParameters>,,</ownDataTypeParameters>
<previousColumn>false</previousColumn>
<autoIncrementCycle>false</autoIncrementCycle>
<associations>
<colAssociation fkAssociation="993B28CA-F70C-9FDE-9D68-51295F8033B9" referredColumn="E75686EE-FE20-8CB9-A1B3-603944680D6D"/>
</associations>
</Column>
</columns>
<indexes itemClass="oracle.dbtools.crest.model.design.relational.Index">
<ind_PK_UK id="7F7D5A26-13B0-AF58-0BF2-9E9C7DE772DB" name="PERSONA_AUTORIZADA_PK">
<createdBy>vero7</createdBy>
<createdTime>2022-01-22 14:03:42 UTC</createdTime>
<generatorID>9F620FD1-1DC3-D65D-3F7B-A66281B10317</generatorID>
<ownerDesignName>TRABAJO_EBURY</ownerDesignName>
<pk>true</pk>
<indexState>Primary Constraint</indexState>
<isSurrogateKey>false</isSurrogateKey>
<indexColumnUsage>
<colUsage columnID="4F7E92C7-F726-8AA4-BD51-7ACA14D54873"/>
</indexColumnUsage>
</ind_PK_UK>
<ind_PK_UK id="3089C125-8BB1-8EA1-4EB9-1FCACDA9258B" name="PERSONA_AUTORIZADA_DIRECCION_FK">
<createdBy>vero7</createdBy>
<createdTime>2022-01-24 19:07:21 UTC</createdTime>
<generatorID>4705F197-13C4-33F2-D93A-168AD7A73B9D</generatorID>
<ownerDesignName>TRABAJO_EBURY</ownerDesignName>
<indexState>Foreign Key</indexState>
<isSurrogateKey>false</isSurrogateKey>
<indexColumnUsage>
<colUsage columnID="2FEC85BD-E821-0A8C-7858-EB6B1AB2B123"/>
</indexColumnUsage>
</ind_PK_UK>
</indexes>
</Table>