<?xml version = '1.0' encoding = 'UTF-8'?>
<Table class="oracle.dbtools.crest.model.design.relational.Table" directorySegmentName="seg_0" id="CEBDAA75-0530-C429-9139-829036AF89BF" name="DATOS">
<createdBy>vero7</createdBy>
<createdTime>2022-01-22 14:03:42 UTC</createdTime>
<generatorID>76C334FA-6A8F-1384-7ACD-2FE26CAF1F60</generatorID>
<ownerDesignName>TRABAJO_EBURY</ownerDesignName>
<allowColumnReorder>false</allowColumnReorder>
<existDependencyGenerateInDDl>true</existDependencyGenerateInDDl>
<parsed>true</parsed>
<columns itemClass="oracle.dbtools.crest.model.design.relational.Column">
<Column name="Tipo_autorizacion" id="81733A5F-5B1B-2BD1-3A15-97396599E227">
<createdBy>vero7</createdBy>
<createdTime>2022-01-22 14:03:42 UTC</createdTime>
<generatorID>AC8CFADA-33A2-EB2C-DA10-39238E8A26EA</generatorID>
<ownerDesignName>TRABAJO_EBURY</ownerDesignName>
<useDomainConstraints>false</useDomainConstraints>
<use>1</use>
<logicalDatatype>LOGDT011</logicalDatatype>
<ownDataTypeParameters>,,</ownDataTypeParameters>
<autoIncrementCycle>false</autoIncrementCycle>
</Column>
<Column name="EMPRESA_Identificador" id="A04FD75A-F7A1-A668-0FA1-56EBC39367B3">
<createdBy>vero7</createdBy>
<createdTime>2022-01-22 14:03:42 UTC</createdTime>
<generatorID>F305EEBF-5E26-BF50-6D11-E6415ED90142</generatorID>
<ownerDesignName>TRABAJO_EBURY</ownerDesignName>
<useDomainConstraints>false</useDomainConstraints>
<use>1</use>
<logicalDatatype>LOGDT011</logicalDatatype>
<ownDataTypeParameters>,,</ownDataTypeParameters>
<previousColumn>false</previousColumn>
<autoIncrementCycle>false</autoIncrementCycle>
<associations>
<colAssociation fkAssociation="05065653-5F48-5809-B4B4-542C42BBD19E" referredColumn="808AA1C9-46EC-C5F4-6215-A69B773FD5E3"/>
</associations>
</Column>
<Column name="PERSONA_AUTORIZADA_DNI" id="E27D4F6D-E5C9-56D9-EB92-0E9A9380E8FD">
<createdBy>vero7</createdBy>
<createdTime>2022-01-22 14:03:42 UTC</createdTime>
<generatorID>5B03EEAA-9878-5A08-95B0-1E80AA311E7B</generatorID>
<ownerDesignName>TRABAJO_EBURY</ownerDesignName>
<useDomainConstraints>false</useDomainConstraints>
<use>1</use>
<logicalDatatype>LOGDT024</logicalDatatype>
<dataTypeSize>9 CHAR</dataTypeSize>
<ownDataTypeParameters>9 CHAR,,</ownDataTypeParameters>
<previousColumn>false</previousColumn>
<autoIncrementCycle>false</autoIncrementCycle>
<associations>
<colAssociation fkAssociation="FD670805-5B50-84EB-8287-4464D004FAC9" referredColumn="4F7E92C7-F726-8AA4-BD51-7ACA14D54873"/>
</associations>
</Column>
</columns>
<indexes itemClass="oracle.dbtools.crest.model.design.relational.Index">
<ind_PK_UK id="428E4E2F-C845-DFC3-1676-60917712AC77" name="DATOS_PK">
<createdBy>vero7</createdBy>
<createdTime>2022-01-22 14:03:42 UTC</createdTime>
<generatorID>A76D7037-5E44-E4F6-A5F2-2CA1DB651B4B</generatorID>
<ownerDesignName>TRABAJO_EBURY</ownerDesignName>
<pk>true</pk>
<indexState>Primary Constraint</indexState>
<isSurrogateKey>false</isSurrogateKey>
<indexColumnUsage>
<colUsage columnID="81733A5F-5B1B-2BD1-3A15-97396599E227"/>
<colUsage columnID="A04FD75A-F7A1-A668-0FA1-56EBC39367B3"/>
<colUsage columnID="E27D4F6D-E5C9-56D9-EB92-0E9A9380E8FD"/>
</indexColumnUsage>
</ind_PK_UK>
<ind_PK_UK id="55594570-A795-8103-9E10-0A4A02649161" name="DATOS_PERSONA_AUTORIZADA_FK">
<createdBy>vero7</createdBy>
<createdTime>2022-01-22 14:03:42 UTC</createdTime>
<generatorID>AA8ECA0A-41C4-D077-8716-65CF31012465</generatorID>
<ownerDesignName>TRABAJO_EBURY</ownerDesignName>
<indexState>Foreign Key</indexState>
<isSurrogateKey>false</isSurrogateKey>
<indexColumnUsage>
<colUsage columnID="E27D4F6D-E5C9-56D9-EB92-0E9A9380E8FD"/>
</indexColumnUsage>
</ind_PK_UK>
<ind_PK_UK id="552A6E52-002C-9377-B544-DD5727158752" name="DATOS_EMPRESA_FK">
<createdBy>vero7</createdBy>
<createdTime>2022-01-24 19:07:21 UTC</createdTime>
<generatorID>891EB90D-C2F4-1DE3-7CBC-68E1C0EFD63C</generatorID>
<ownerDesignName>TRABAJO_EBURY</ownerDesignName>
<indexState>Foreign Key</indexState>
<isSurrogateKey>false</isSurrogateKey>
<indexColumnUsage>
<colUsage columnID="A04FD75A-F7A1-A668-0FA1-56EBC39367B3"/>
</indexColumnUsage>
</ind_PK_UK>
</indexes>
</Table>