<?xml version = '1.0' encoding = 'UTF-8'?>
<Table class="oracle.dbtools.crest.model.design.relational.Table" directorySegmentName="seg_0" id="E4EB33CC-F6B9-A161-B010-5ECF0E2C7C7C" name="CUENTA_REFERENCIA">
<createdBy>vero7</createdBy>
<createdTime>2022-01-22 14:03:42 UTC</createdTime>
<generatorID>2D9BD626-BF58-C19F-E3C6-28C0B27BF500</generatorID>
<ownerDesignName>TRABAJO_EBURY</ownerDesignName>
<allowColumnReorder>false</allowColumnReorder>
<existDependencyGenerateInDDl>true</existDependencyGenerateInDDl>
<parsed>true</parsed>
<columns itemClass="oracle.dbtools.crest.model.design.relational.Column">
<Column name="IBAN" id="D871849B-196F-9EB1-C42E-01C508D2E47E">
<createdBy>vero7</createdBy>
<createdTime>2022-01-22 14:03:42 UTC</createdTime>
<generatorID>C54934B5-6D46-A0BF-3825-D7EDA3937DC9</generatorID>
<ownerDesignName>TRABAJO_EBURY</ownerDesignName>
<useDomainConstraints>false</useDomainConstraints>
<use>1</use>
<logicalDatatype>LOGDT024</logicalDatatype>
<dataTypeSize>34 CHAR</dataTypeSize>
<ownDataTypeParameters>34 CHAR,,</ownDataTypeParameters>
<autoIncrementCycle>false</autoIncrementCycle>
</Column>
<Column name="BANCO_Nombre_banco" id="D97F1C2E-76A9-81F7-6C57-ADC4BBA42DFF">
<createdBy>vero7</createdBy>
<createdTime>2022-01-22 14:03:42 UTC</createdTime>
<generatorID>94F385C8-E540-B272-5F44-0FE191B09463</generatorID>
<ownerDesignName>TRABAJO_EBURY</ownerDesignName>
<useDomainConstraints>false</useDomainConstraints>
<use>1</use>
<logicalDatatype>LOGDT024</logicalDatatype>
<dataTypeSize>25 CHAR</dataTypeSize>
<ownDataTypeParameters>25 CHAR,,</ownDataTypeParameters>
<previousColumn>false</previousColumn>
<autoIncrementCycle>false</autoIncrementCycle>
<associations>
<colAssociation fkAssociation="488AA5B0-04D4-C85D-3DD8-1E34112B8033" referredColumn="BA63B549-1469-27FD-82DA-1DBDDC203A55"/>
</associations>
</Column>
</columns>
<indexes itemClass="oracle.dbtools.crest.model.design.relational.Index">
<ind_PK_UK id="B543F0E5-D723-15AB-C7DA-7760CA1F872D" name="CUENTA_REFERENCIA_PK">
<createdBy>vero7</createdBy>
<createdTime>2022-01-22 14:03:42 UTC</createdTime>
<generatorID>A7132C1F-F5B4-2FEA-5FD4-4793F576FA43</generatorID>
<ownerDesignName>TRABAJO_EBURY</ownerDesignName>
<pk>true</pk>
<indexState>Primary Constraint</indexState>
<isSurrogateKey>false</isSurrogateKey>
<indexColumnUsage>
<colUsage columnID="D871849B-196F-9EB1-C42E-01C508D2E47E"/>
</indexColumnUsage>
</ind_PK_UK>
<ind_PK_UK id="5CF6BBBF-933E-BADF-DADE-5FE2FDCFE52E" name="CUENTA_REFERENCIA_BANCO_FK">
<createdBy>vero7</createdBy>
<createdTime>2022-01-22 14:03:42 UTC</createdTime>
<generatorID>7736CFCE-45E3-785D-F122-90FEA05AE743</generatorID>
<ownerDesignName>TRABAJO_EBURY</ownerDesignName>
<indexState>Foreign Key</indexState>
<isSurrogateKey>false</isSurrogateKey>
<indexColumnUsage>
<colUsage columnID="D97F1C2E-76A9-81F7-6C57-ADC4BBA42DFF"/>
</indexColumnUsage>
</ind_PK_UK>
</indexes>
</Table>