<?xml version = '1.0' encoding = 'UTF-8'?>
<Table class="oracle.dbtools.crest.model.design.relational.Table" directorySegmentName="seg_0" id="F02787C9-3DDA-052E-F0F0-7D637ADFA2D0" name="SALDO">
<createdBy>vero7</createdBy>
<createdTime>2022-01-22 14:03:42 UTC</createdTime>
<generatorID>5878249F-AB7D-D3A4-0B8F-B021F1A5DFE3</generatorID>
<ownerDesignName>TRABAJO_EBURY</ownerDesignName>
<allowColumnReorder>false</allowColumnReorder>
<existDependencyGenerateInDDl>true</existDependencyGenerateInDDl>
<parsed>true</parsed>
<columns itemClass="oracle.dbtools.crest.model.design.relational.Column">
<Column name="Cantidad" id="98DEAF0A-B3DA-494E-490C-12FF3B7A54B9">
<createdBy>vero7</createdBy>
<createdTime>2022-01-22 14:03:42 UTC</createdTime>
<generatorID>D566E1C3-F870-36FD-735C-B03C3306F76D</generatorID>
<ownerDesignName>TRABAJO_EBURY</ownerDesignName>
<useDomainConstraints>false</useDomainConstraints>
<use>1</use>
<logicalDatatype>LOGDT026</logicalDatatype>
<dataTypeScale>3</dataTypeScale>
<ownDataTypeParameters>,,3</ownDataTypeParameters>
<autoIncrementCycle>false</autoIncrementCycle>
</Column>
<Column name="CUENTA_EBURY_Número_cuenta" id="5EBA19D9-B948-F7CD-1025-026E9F838E38">
<createdBy>vero7</createdBy>
<createdTime>2022-01-22 14:03:42 UTC</createdTime>
<generatorID>39751EFE-5C09-A870-F4C6-391E8C094FA1</generatorID>
<ownerDesignName>TRABAJO_EBURY</ownerDesignName>
<useDomainConstraints>false</useDomainConstraints>
<use>1</use>
<logicalDatatype>LOGDT011</logicalDatatype>
<ownDataTypeParameters>,,</ownDataTypeParameters>
<previousColumn>false</previousColumn>
<autoIncrementCycle>false</autoIncrementCycle>
<associations>
<colAssociation fkAssociation="108D6959-87D3-6FA3-279C-6B4A5A7EE9EB" referredColumn="B9A32E77-90E9-9BC7-6D5E-9604DED937E5"/>
</associations>
</Column>
<Column name="DIVISA_Nombre_divisa" id="17862909-D1C7-C467-6DCF-9183EA0A54E2">
<createdBy>vero7</createdBy>
<createdTime>2022-01-22 14:03:42 UTC</createdTime>
<generatorID>42EEEE88-FB1E-C537-8359-7C129EA896AE</generatorID>
<ownerDesignName>TRABAJO_EBURY</ownerDesignName>
<useDomainConstraints>false</useDomainConstraints>
<use>1</use>
<logicalDatatype>LOGDT024</logicalDatatype>
<dataTypeSize>25 CHAR</dataTypeSize>
<ownDataTypeParameters>25 CHAR,,</ownDataTypeParameters>
<previousColumn>false</previousColumn>
<autoIncrementCycle>false</autoIncrementCycle>
<associations>
<colAssociation fkAssociation="A45EA158-8DD9-2546-DC1D-3A549395B7FE" referredColumn="DB769EBF-ED95-4F77-2DD1-5E745F93C535"/>
</associations>
</Column>
</columns>
<indexes itemClass="oracle.dbtools.crest.model.design.relational.Index">
<ind_PK_UK id="630810A2-65E8-596F-C974-5C013DF54CB1" name="SALDO_PK">
<createdBy>vero7</createdBy>
<createdTime>2022-01-22 14:03:42 UTC</createdTime>
<generatorID>83F305F2-BDEE-C303-B1BC-B0210B0A6E63</generatorID>
<ownerDesignName>TRABAJO_EBURY</ownerDesignName>
<pk>true</pk>
<indexState>Primary Constraint</indexState>
<isSurrogateKey>false</isSurrogateKey>
<indexColumnUsage>
<colUsage columnID="5EBA19D9-B948-F7CD-1025-026E9F838E38"/>
<colUsage columnID="17862909-D1C7-C467-6DCF-9183EA0A54E2"/>
</indexColumnUsage>
</ind_PK_UK>
<ind_PK_UK id="559D84F1-D684-955F-A02E-69CD2498ACBC" name="SALDO_CUENTA_EBURY_FK">
<createdBy>vero7</createdBy>
<createdTime>2022-01-22 14:03:42 UTC</createdTime>
<generatorID>0F46CDA2-5603-C95A-4AAE-2DA101233A09</generatorID>
<ownerDesignName>TRABAJO_EBURY</ownerDesignName>
<indexState>Foreign Key</indexState>
<isSurrogateKey>false</isSurrogateKey>
<indexColumnUsage>
<colUsage columnID="5EBA19D9-B948-F7CD-1025-026E9F838E38"/>
</indexColumnUsage>
</ind_PK_UK>
<ind_PK_UK id="DA1A1147-1A85-72A0-16AB-CF0611BDCB9B" name="SALDO_DIVISA_FK">
<createdBy>vero7</createdBy>
<createdTime>2022-01-22 14:03:42 UTC</createdTime>
<generatorID>6927D105-9D5A-8DAD-D5EF-BA58246FF73A</generatorID>
<ownerDesignName>TRABAJO_EBURY</ownerDesignName>
<indexState>Foreign Key</indexState>
<isSurrogateKey>false</isSurrogateKey>
<indexColumnUsage>
<colUsage columnID="17862909-D1C7-C467-6DCF-9183EA0A54E2"/>
</indexColumnUsage>
</ind_PK_UK>
</indexes>
</Table>