<?xml version = '1.0' encoding = 'UTF-8'?>
<Diagram class="oracle.dbtools.crest.swingui.logical.DPVLogical" name="Logical" id="B70DAD85-D89A-CF9B-1933-84EE8A01690E">
<createdBy>vero7</createdBy>
<modifiedBy>vero7</modifiedBy>
<createdTime>2022-01-22 13:17:36 UTC</createdTime>
<autoRoute>false</autoRoute>
<boxInbox>true</boxInbox>
<showLegend>false</showLegend>
<showLabels>true</showLabels>
<showRelAttributes>false</showRelAttributes>
<gridEnabled>false</gridEnabled>
<showGrid>false</showGrid>
<diagramColor>-1</diagramColor>
<display>false</display>
<notation>1</notation>
<objectViews>
<OView class="oracle.dbtools.crest.swingui.logical.TVEntity" oid="05B822F3-3334-76A5-7B44-4D292BDB4F71" otype="Entity" vid="C98A1BBB-94AF-6A7F-5705-1F146D6212BA">
<hideElementsInCurrentOnly>false</hideElementsInCurrentOnly>
<bounds x="32" y="62" width="211" height="77"/>
</OView>
<OView class="oracle.dbtools.crest.swingui.logical.TVEntity" oid="1A493155-72CD-B95D-58F1-44B5F52256DC" otype="Entity" vid="56AC26E2-C435-6840-7120-0B8F64F203B4">
<hideElementsInCurrentOnly>false</hideElementsInCurrentOnly>
<bounds x="1391" y="833" width="112" height="49"/>
</OView>
<OView class="oracle.dbtools.crest.swingui.logical.TVEntity" oid="1C380640-B416-F94C-71F8-146066B58ECA" otype="Entity" vid="4368787F-726E-BCC0-FB0C-58B0D6E11541">
<hideElementsInCurrentOnly>false</hideElementsInCurrentOnly>
<bounds x="630" y="842" width="114" height="36"/>
</OView>
<OView class="oracle.dbtools.crest.swingui.logical.TVEntity" oid="2A83793C-F1F7-1E3D-EF20-0BC0583CD17B" otype="Entity" vid="550E52D2-0FF2-5499-950E-6351D3529CD5">
<hideElementsInCurrentOnly>false</hideElementsInCurrentOnly>
<bounds x="274" y="232" width="304" height="270"/>
</OView>
<OView class="oracle.dbtools.crest.swingui.logical.TVEntity" oid="2D56C7EA-93D3-3B04-6318-62971ACBF60E" otype="Entity" vid="E6632F68-D522-9F85-CC1D-6385C405A11A">
<hideElementsInCurrentOnly>false</hideElementsInCurrentOnly>
<bounds x="1283" y="51" width="199" height="143"/>
</OView>
<OView class="oracle.dbtools.crest.swingui.logical.TVEntity" oid="2D9BD626-BF58-C19F-E3C6-28C0B27BF500" otype="Entity" vid="D0F239C5-6275-C86B-3049-9B72C4651656">
<hideElementsInCurrentOnly>false</hideElementsInCurrentOnly>
<bounds x="201" y="760" width="224" height="177"/>
</OView>
<OView class="oracle.dbtools.crest.swingui.logical.TVEntity" oid="49441655-71C0-9E97-E19D-2FC5D5B98F53" otype="Entity" vid="C117D6AD-14FE-3200-63C4-E9846A0FE340">
<hideElementsInCurrentOnly>false</hideElementsInCurrentOnly>
<bounds x="1357" y="689" width="343" height="219"/>
</OView>
<OView class="oracle.dbtools.crest.swingui.logical.TVEntity" oid="514AE54B-2079-3824-4FF6-ABAE99A81E67" otype="Entity" vid="A0EAEDBF-79A8-4311-F487-05DE0EE11A1E">
<hideElementsInCurrentOnly>false</hideElementsInCurrentOnly>
<bounds x="828" y="56" width="155" height="123"/>
</OView>
<OView class="oracle.dbtools.crest.swingui.logical.TVEntity" oid="5878249F-AB7D-D3A4-0B8F-B021F1A5DFE3" otype="Entity" vid="BA075478-3C36-88C0-AD38-A6F542DDC828">
<hideElementsInCurrentOnly>false</hideElementsInCurrentOnly>
<bounds x="976" y="708" width="117" height="78"/>
</OView>
<OView class="oracle.dbtools.crest.swingui.logical.TVEntity" oid="6331D7F5-8232-221F-11D4-37B1942FB190" otype="Entity" vid="614F8916-C6D6-B363-0E7D-F5FE881C9945">
<hideElementsInCurrentOnly>false</hideElementsInCurrentOnly>
<bounds x="595" y="685" width="195" height="316"/>
</OView>
<OView class="oracle.dbtools.crest.swingui.logical.TVEntity" oid="76C334FA-6A8F-1384-7ACD-2FE26CAF1F60" otype="Entity" vid="B4E6735F-FAB4-0FA6-60ED-73CEC72F3AFB">
<hideElementsInCurrentOnly>false</hideElementsInCurrentOnly>
<bounds x="16" y="328" width="147" height="93"/>
</OView>
<OView class="oracle.dbtools.crest.swingui.logical.TVEntity" oid="A184F535-B77C-04D0-6A4D-B77C982E6244" otype="Entity" vid="B49B5D7D-E150-57CD-6ED0-74D25018CDD1">
<hideElementsInCurrentOnly>false</hideElementsInCurrentOnly>
<bounds x="282" y="339" width="134" height="109"/>
</OView>
<OView class="oracle.dbtools.crest.swingui.logical.TVEntity" oid="C403FB07-41F7-7FB6-1F07-78CF3AF72800" otype="Entity" vid="E5808A98-9D75-AB17-DFA1-24132A40B5D5">
<hideElementsInCurrentOnly>false</hideElementsInCurrentOnly>
<bounds x="1455" y="1057" width="230" height="128"/>
</OView>
<OView class="oracle.dbtools.crest.swingui.logical.TVEntity" oid="CC0A9A18-BE09-0970-FA08-C5301C6CCB35" otype="Entity" vid="9B93248B-9F04-46A8-34A5-7730C290C964">
<hideElementsInCurrentOnly>false</hideElementsInCurrentOnly>
<bounds x="438" y="338" width="130" height="117"/>
</OView>
<OView class="oracle.dbtools.crest.swingui.logical.TVEntity" oid="D0FD0A5E-FE59-DE9A-CFAA-10A8D97E64CD" otype="Entity" vid="F317A3F1-5137-A0A5-A7ED-BD796D3EE43E">
<hideElementsInCurrentOnly>false</hideElementsInCurrentOnly>
<bounds x="416" y="38" width="129" height="109"/>
</OView>
<OView class="oracle.dbtools.crest.swingui.logical.TVEntity" oid="D77C6140-7C49-15ED-1FB8-0A4F0E5639D9" otype="Entity" vid="5C80C2E8-3C2D-6DE6-2F2D-C38E058D89ED">
<hideElementsInCurrentOnly>false</hideElementsInCurrentOnly>
<bounds x="626" y="763" width="118" height="38"/>
</OView>
<OView class="oracle.dbtools.crest.swingui.logical.TVEntity" oid="F5B7FBE9-944E-5E5D-D0E9-8485AC002E80" otype="Entity" vid="CCD88E0E-AA7E-C87F-39DC-213C12106032">
<hideElementsInCurrentOnly>false</hideElementsInCurrentOnly>
<bounds x="631" y="927" width="115" height="45"/>
</OView>
<OView class="oracle.dbtools.crest.swingui.logical.TVEntity" oid="F5BA9456-3D17-4FFA-29E6-37932927E635" otype="Entity" vid="73A30F18-C9C4-1FE2-DC27-85E3E30DB70E">
<hideElementsInCurrentOnly>false</hideElementsInCurrentOnly>
<bounds x="1339" y="333" width="161" height="135"/>
</OView>
<OView class="oracle.dbtools.crest.swingui.logical.TVEntity" oid="FEF28FA8-3903-D84B-A511-F73363976957" otype="Entity" vid="A1ED9A5B-674C-FB5E-7A95-9D28A4440B7C">
<hideElementsInCurrentOnly>false</hideElementsInCurrentOnly>
<bounds x="1533" y="834" width="95" height="46"/>
</OView>
</objectViews>
<connectors>
<Connector class="oracle.dbtools.crest.swingui.logical.TVInheritanceRelation" oid="0B085437-0CF5-7D37-C42B-0918B9D7318C" otype="Hierarchy relation" vid_source="C117D6AD-14FE-3200-63C4-E9846A0FE340" vid_target="56AC26E2-C435-6840-7120-0B8F64F203B4">
<hideElementsInCurrentOnly>false</hideElementsInCurrentOnly>
<backgroundColor>-65536</backgroundColor>
<lineWidth>1</lineWidth>
</Connector>
<Connector class="oracle.dbtools.crest.swingui.logical.TVRelation" oid="0C1D9388-1058-4CA7-CEC4-198B72475DD4" otype="Relation" vid_source="614F8916-C6D6-B363-0E7D-F5FE881C9945" vid_target="C117D6AD-14FE-3200-63C4-E9846A0FE340">
<hideElementsInCurrentOnly>false</hideElementsInCurrentOnly>
<backgroundColor>-16777216</backgroundColor>
<lineWidth>1</lineWidth>
<sourceLabel class="oracle.dbtools.crest.model.design.Label">
<site>0</site>
<labelBounds x="800" y="768" width="54" height="30"/>
<noBackgroundColor>true</noBackgroundColor>
<noForegroundColor>true</noForegroundColor>
</sourceLabel>
<targetLabel class="oracle.dbtools.crest.model.design.Label">
<site>2</site>
<labelBounds x="1333" y="801" width="18" height="30"/>
<noBackgroundColor>true</noBackgroundColor>
<noForegroundColor>true</noForegroundColor>
</targetLabel>
<points>
<point x="790" y="798"/>
<point x="1357" y="798"/>
</points>
</Connector>
<Connector class="oracle.dbtools.crest.swingui.logical.TVRelation" oid="0F46CDA2-5603-C95A-4AAE-2DA101233A09" otype="Relation" vid_source="614F8916-C6D6-B363-0E7D-F5FE881C9945" vid_target="BA075478-3C36-88C0-AD38-A6F542DDC828">
<hideElementsInCurrentOnly>false</hideElementsInCurrentOnly>
<backgroundColor>-16777216</backgroundColor>
<lineWidth>1</lineWidth>
<points>
<point x="790" y="747"/>
<point x="976" y="747"/>
</points>
</Connector>
<Connector class="oracle.dbtools.crest.swingui.logical.TVRelation" oid="144F87DE-C529-B373-7742-2353D07463E2" otype="Relation" vid_source="E5808A98-9D75-AB17-DFA1-24132A40B5D5" vid_target="A1ED9A5B-674C-FB5E-7A95-9D28A4440B7C">
<hideElementsInCurrentOnly>false</hideElementsInCurrentOnly>
<backgroundColor>-16777216</backgroundColor>
<lineWidth>1</lineWidth>
<sourceLabel class="oracle.dbtools.crest.model.design.Label">
<site>0</site>
<labelBounds x="1580" y="1021" width="53" height="30"/>
<noBackgroundColor>true</noBackgroundColor>
<noForegroundColor>true</noForegroundColor>
</sourceLabel>
<targetLabel class="oracle.dbtools.crest.model.design.Label">
<site>2</site>
<labelBounds x="1580" y="916" width="86" height="30"/>
<noBackgroundColor>true</noBackgroundColor>
<noForegroundColor>true</noForegroundColor>
</targetLabel>
<points>
<point x="1580" y="1057"/>
<point x="1580" y="880"/>
</points>
</Connector>
<Connector class="oracle.dbtools.crest.swingui.logical.TVRelation" oid="28AC5767-D5E9-8E2E-13C6-EEF3B1928417" otype="Relation" vid_source="CCD88E0E-AA7E-C87F-39DC-213C12106032" vid_target="D0F239C5-6275-C86B-3049-9B72C4651656">
<hideElementsInCurrentOnly>false</hideElementsInCurrentOnly>
<backgroundColor>-16777216</backgroundColor>
<lineWidth>1</lineWidth>
<sourceLabel class="oracle.dbtools.crest.model.design.Label">
<site>0</site>
<labelBounds x="557" y="902" width="68" height="30"/>
<noBackgroundColor>true</noBackgroundColor>
<noForegroundColor>true</noForegroundColor>
</sourceLabel>
<targetLabel class="oracle.dbtools.crest.model.design.Label">
<site>2</site>
<labelBounds x="435" y="935" width="70" height="30"/>
<noBackgroundColor>true</noBackgroundColor>
<noForegroundColor>true</noForegroundColor>
</targetLabel>
<points>
<point x="631" y="932"/>
<point x="425" y="932"/>
</points>
</Connector>
<Connector class="oracle.dbtools.crest.swingui.logical.TVInheritanceRelation" oid="2CD0DF2B-D9A6-74D7-9D4A-F8D12E5498E1" otype="Hierarchy relation" vid_source="550E52D2-0FF2-5499-950E-6351D3529CD5" vid_target="9B93248B-9F04-46A8-34A5-7730C290C964">
<hideElementsInCurrentOnly>false</hideElementsInCurrentOnly>
<backgroundColor>-65536</backgroundColor>
<lineWidth>1</lineWidth>
</Connector>
<Connector class="oracle.dbtools.crest.swingui.logical.TVInheritanceRelation" oid="3D273818-077D-1FB0-F0ED-0BE580D4EA9D" otype="Hierarchy relation" vid_source="614F8916-C6D6-B363-0E7D-F5FE881C9945" vid_target="CCD88E0E-AA7E-C87F-39DC-213C12106032">
<hideElementsInCurrentOnly>false</hideElementsInCurrentOnly>
<backgroundColor>-65536</backgroundColor>
<lineWidth>1</lineWidth>
</Connector>
<Connector class="oracle.dbtools.crest.swingui.logical.TVInheritanceRelation" oid="3DBD9B87-32E4-5F6F-FC07-70F9E088EA64" otype="Hierarchy relation" vid_source="C117D6AD-14FE-3200-63C4-E9846A0FE340" vid_target="A1ED9A5B-674C-FB5E-7A95-9D28A4440B7C">
<hideElementsInCurrentOnly>false</hideElementsInCurrentOnly>
<backgroundColor>-65536</backgroundColor>
<lineWidth>1</lineWidth>
</Connector>
<Connector class="oracle.dbtools.crest.swingui.logical.TVInheritanceRelation" oid="41F9E14F-7915-2698-27A7-CB6057A0A56B" otype="Hierarchy relation" vid_source="550E52D2-0FF2-5499-950E-6351D3529CD5" vid_target="B49B5D7D-E150-57CD-6ED0-74D25018CDD1">
<hideElementsInCurrentOnly>false</hideElementsInCurrentOnly>
<backgroundColor>-65536</backgroundColor>
<lineWidth>1</lineWidth>
</Connector>
<Connector class="oracle.dbtools.crest.swingui.logical.TVRelation" oid="4705F197-13C4-33F2-D93A-168AD7A73B9D" otype="Relation" vid_source="C98A1BBB-94AF-6A7F-5705-1F146D6212BA" vid_target="F317A3F1-5137-A0A5-A7ED-BD796D3EE43E">
<hideElementsInCurrentOnly>false</hideElementsInCurrentOnly>
<backgroundColor>-16777216</backgroundColor>
<lineWidth>1</lineWidth>
<sourceLabel class="oracle.dbtools.crest.model.design.Label">
<site>0</site>
<labelBounds x="253" y="70" width="46" height="30"/>
<noBackgroundColor>true</noBackgroundColor>
<noForegroundColor>true</noForegroundColor>
</sourceLabel>
<targetLabel class="oracle.dbtools.crest.model.design.Label">
<site>2</site>
<labelBounds x="392" y="103" width="18" height="30"/>
<noBackgroundColor>true</noBackgroundColor>
<noForegroundColor>true</noForegroundColor>
</targetLabel>
<points>
<point x="243" y="100"/>
<point x="416" y="100"/>
</points>
</Connector>
<Connector class="oracle.dbtools.crest.swingui.logical.TVRelation" oid="491BCFC0-7171-0821-2E4D-086DBAC3E3B5" otype="Relation" vid_source="550E52D2-0FF2-5499-950E-6351D3529CD5" vid_target="F317A3F1-5137-A0A5-A7ED-BD796D3EE43E">
<hideElementsInCurrentOnly>false</hideElementsInCurrentOnly>
<backgroundColor>-16777216</backgroundColor>
<lineWidth>1</lineWidth>
<sourceLabel class="oracle.dbtools.crest.model.design.Label">
<site>0</site>
<labelBounds x="480" y="196" width="46" height="30"/>
<noBackgroundColor>true</noBackgroundColor>
<noForegroundColor>true</noForegroundColor>
</sourceLabel>
<targetLabel class="oracle.dbtools.crest.model.design.Label">
<site>2</site>
<labelBounds x="480" y="183" width="20" height="29"/>
<noBackgroundColor>true</noBackgroundColor>
<noForegroundColor>true</noForegroundColor>
</targetLabel>
<points>
<point x="480" y="232"/>
<point x="480" y="147"/>
</points>
</Connector>
<Connector class="oracle.dbtools.crest.swingui.logical.TVInheritanceRelation" oid="5DDD4FAE-252C-D325-6D3A-1F9DEAE078E9" otype="Hierarchy relation" vid_source="614F8916-C6D6-B363-0E7D-F5FE881C9945" vid_target="4368787F-726E-BCC0-FB0C-58B0D6E11541">
<hideElementsInCurrentOnly>false</hideElementsInCurrentOnly>
<backgroundColor>-65536</backgroundColor>
<lineWidth>1</lineWidth>
</Connector>
<Connector class="oracle.dbtools.crest.swingui.logical.TVRelation" oid="6927D105-9D5A-8DAD-D5EF-BA58246FF73A" otype="Relation" vid_source="BA075478-3C36-88C0-AD38-A6F542DDC828" vid_target="73A30F18-C9C4-1FE2-DC27-85E3E30DB70E">
<hideElementsInCurrentOnly>false</hideElementsInCurrentOnly>
<backgroundColor>-16777216</backgroundColor>
<lineWidth>1</lineWidth>
<points>
<point x="1077" y="708"/>
<point x="1344" y="468"/>
</points>
</Connector>
<Connector class="oracle.dbtools.crest.swingui.logical.TVRelation" oid="7736CFCE-45E3-785D-F122-90FEA05AE743" otype="Relation" vid_source="A0EAEDBF-79A8-4311-F487-05DE0EE11A1E" vid_target="D0F239C5-6275-C86B-3049-9B72C4651656">
<hideElementsInCurrentOnly>false</hideElementsInCurrentOnly>
<backgroundColor>-16777216</backgroundColor>
<lineWidth>1</lineWidth>
<sourceLabel class="oracle.dbtools.crest.model.design.Label">
<site>0</site>
<labelBounds x="855" y="215" width="67" height="30"/>
<noBackgroundColor>true</noBackgroundColor>
<noForegroundColor>true</noForegroundColor>
</sourceLabel>
<targetLabel class="oracle.dbtools.crest.model.design.Label">
<site>2</site>
<labelBounds x="384" y="724" width="18" height="30"/>
<noBackgroundColor>true</noBackgroundColor>
<noForegroundColor>true</noForegroundColor>
</targetLabel>
<points>
<point x="855" y="179"/>
<point x="384" y="760"/>
</points>
</Connector>
<Connector class="oracle.dbtools.crest.swingui.logical.TVRelation" oid="891EB90D-C2F4-1DE3-7CBC-68E1C0EFD63C" otype="Relation" vid_source="B49B5D7D-E150-57CD-6ED0-74D25018CDD1" vid_target="B4E6735F-FAB4-0FA6-60ED-73CEC72F3AFB">
<hideElementsInCurrentOnly>false</hideElementsInCurrentOnly>
<backgroundColor>-16777216</backgroundColor>
<lineWidth>1</lineWidth>
<sourceLabel class="oracle.dbtools.crest.model.design.Label">
<site>0</site>
<labelBounds x="210" y="357" width="66" height="30"/>
<noBackgroundColor>true</noBackgroundColor>
<noForegroundColor>true</noForegroundColor>
</sourceLabel>
<targetLabel class="oracle.dbtools.crest.model.design.Label">
<site>2</site>
<labelBounds x="173" y="390" width="17" height="34"/>
<noBackgroundColor>true</noBackgroundColor>
<noForegroundColor>true</noForegroundColor>
</targetLabel>
<points>
<point x="282" y="387"/>
<point x="163" y="387"/>
</points>
</Connector>
<Connector class="oracle.dbtools.crest.swingui.logical.TVRelation" oid="8AD0B05E-DDDF-82A2-2B3A-CB233E717A2D" otype="Relation" vid_source="D0F239C5-6275-C86B-3049-9B72C4651656" vid_target="4368787F-726E-BCC0-FB0C-58B0D6E11541">
<hideElementsInCurrentOnly>false</hideElementsInCurrentOnly>
<backgroundColor>-16777216</backgroundColor>
<lineWidth>1</lineWidth>
<sourceLabel class="oracle.dbtools.crest.model.design.Label">
<site>0</site>
<labelBounds x="435" y="830" width="95" height="30"/>
<noBackgroundColor>true</noBackgroundColor>
<noForegroundColor>true</noForegroundColor>
</sourceLabel>
<targetLabel class="oracle.dbtools.crest.model.design.Label">
<site>2</site>
<labelBounds x="606" y="863" width="18" height="30"/>
<noBackgroundColor>true</noBackgroundColor>
<noForegroundColor>true</noForegroundColor>
</targetLabel>
<points>
<point x="425" y="860"/>
<point x="630" y="860"/>
</points>
</Connector>
<Connector class="oracle.dbtools.crest.swingui.logical.TVRelation" oid="9AAD9E54-A21C-6884-3A4F-1F1CFF38C9BE" otype="Relation" vid_source="73A30F18-C9C4-1FE2-DC27-85E3E30DB70E" vid_target="C117D6AD-14FE-3200-63C4-E9846A0FE340">
<hideElementsInCurrentOnly>false</hideElementsInCurrentOnly>
<backgroundColor>-16777216</backgroundColor>
<lineWidth>1</lineWidth>
<sourceLabel class="oracle.dbtools.crest.model.design.Label">
<site>0</site>
<labelBounds x="1428" y="512" width="75" height="30"/>
<noBackgroundColor>true</noBackgroundColor>
<noForegroundColor>true</noForegroundColor>
</sourceLabel>
<targetLabel class="oracle.dbtools.crest.model.design.Label">
<site>2</site>
<labelBounds x="1428" y="645" width="18" height="30"/>
<noBackgroundColor>true</noBackgroundColor>
<noForegroundColor>true</noForegroundColor>
</targetLabel>
<points>
<point x="1428" y="468"/>
<point x="1428" y="689"/>
</points>
</Connector>
<Connector class="oracle.dbtools.crest.swingui.logical.TVRelation" oid="A2CA723E-532E-822D-B3CD-440FFC8903A7" otype="Relation" vid_source="D0F239C5-6275-C86B-3049-9B72C4651656" vid_target="5C80C2E8-3C2D-6DE6-2F2D-C38E058D89ED">
<hideElementsInCurrentOnly>false</hideElementsInCurrentOnly>
<backgroundColor>-16777216</backgroundColor>
<lineWidth>1</lineWidth>
<sourceLabel class="oracle.dbtools.crest.model.design.Label">
<site>0</site>
<labelBounds x="435" y="752" width="62" height="30"/>
<noBackgroundColor>true</noBackgroundColor>
<noForegroundColor>true</noForegroundColor>
</sourceLabel>
<targetLabel class="oracle.dbtools.crest.model.design.Label">
<site>2</site>
<labelBounds x="602" y="785" width="18" height="30"/>
<noBackgroundColor>true</noBackgroundColor>
<noForegroundColor>true</noForegroundColor>
</targetLabel>
<points>
<point x="425" y="782"/>
<point x="626" y="782"/>
</points>
</Connector>
<Connector class="oracle.dbtools.crest.swingui.logical.TVRelation" oid="A76A26D7-8777-AEC6-53DC-142E1C609E76" otype="Relation" vid_source="73A30F18-C9C4-1FE2-DC27-85E3E30DB70E" vid_target="E6632F68-D522-9F85-CC1D-6385C405A11A">
<hideElementsInCurrentOnly>false</hideElementsInCurrentOnly>
<backgroundColor>-16777216</backgroundColor>
<lineWidth>1</lineWidth>
<sourceLabel class="oracle.dbtools.crest.model.design.Label">
<site>0</site>
<labelBounds x="1410" y="281" width="74" height="30"/>
<noBackgroundColor>true</noBackgroundColor>
<noForegroundColor>true</noForegroundColor>
</sourceLabel>
<targetLabel class="oracle.dbtools.crest.model.design.Label">
<site>2</site>
<labelBounds x="1410" y="230" width="47" height="30"/>
<noBackgroundColor>true</noBackgroundColor>
<noForegroundColor>true</noForegroundColor>
</targetLabel>
<points>
<point x="1410" y="333"/>
<point x="1410" y="194"/>
</points>
</Connector>
<Connector class="oracle.dbtools.crest.swingui.logical.TVRelation" oid="AA8ECA0A-41C4-D077-8716-65CF31012465" otype="Relation" vid_source="C98A1BBB-94AF-6A7F-5705-1F146D6212BA" vid_target="B4E6735F-FAB4-0FA6-60ED-73CEC72F3AFB">
<hideElementsInCurrentOnly>false</hideElementsInCurrentOnly>
<backgroundColor>-16777216</backgroundColor>
<lineWidth>1</lineWidth>
<sourceLabel class="oracle.dbtools.crest.model.design.Label">
<site>0</site>
<labelBounds x="97" y="175" width="84" height="30"/>
<noBackgroundColor>true</noBackgroundColor>
<noForegroundColor>true</noForegroundColor>
</sourceLabel>
<targetLabel class="oracle.dbtools.crest.model.design.Label">
<site>2</site>
<labelBounds x="97" y="284" width="18" height="30"/>
<noBackgroundColor>true</noBackgroundColor>
<noForegroundColor>true</noForegroundColor>
</targetLabel>
<points>
<point x="97" y="139"/>
<point x="97" y="328"/>
</points>
</Connector>
<Connector class="oracle.dbtools.crest.swingui.logical.TVRelation" oid="D541EFF1-BD65-E851-01E9-25E44452DEA4" otype="Relation" vid_source="A0EAEDBF-79A8-4311-F487-05DE0EE11A1E" vid_target="F317A3F1-5137-A0A5-A7ED-BD796D3EE43E">
<hideElementsInCurrentOnly>false</hideElementsInCurrentOnly>
<backgroundColor>-16777216</backgroundColor>
<lineWidth>1</lineWidth>
<sourceLabel class="oracle.dbtools.crest.model.design.Label">
<site>0</site>
<labelBounds x="776" y="71" width="46" height="30"/>
<noBackgroundColor>true</noBackgroundColor>
<noForegroundColor>true</noForegroundColor>
</sourceLabel>
<targetLabel class="oracle.dbtools.crest.model.design.Label">
<site>2</site>
<labelBounds x="555" y="104" width="18" height="30"/>
<noBackgroundColor>true</noBackgroundColor>
<noForegroundColor>true</noForegroundColor>
</targetLabel>
<points>
<point x="828" y="101"/>
<point x="545" y="101"/>
</points>
</Connector>
<Connector class="oracle.dbtools.crest.swingui.logical.TVRelation" oid="D6E9CA37-8D2C-414F-1936-59DCC6218D3C" otype="Relation" vid_source="550E52D2-0FF2-5499-950E-6351D3529CD5" vid_target="614F8916-C6D6-B363-0E7D-F5FE881C9945">
<hideElementsInCurrentOnly>false</hideElementsInCurrentOnly>
<backgroundColor>-16777216</backgroundColor>
<lineWidth>1</lineWidth>
<sourceLabel class="oracle.dbtools.crest.model.design.Label">
<site>0</site>
<labelBounds x="501" y="538" width="46" height="30"/>
<noBackgroundColor>true</noBackgroundColor>
<noForegroundColor>true</noForegroundColor>
</sourceLabel>
<targetLabel class="oracle.dbtools.crest.model.design.Label">
<site>2</site>
<labelBounds x="604" y="649" width="18" height="30"/>
<noBackgroundColor>true</noBackgroundColor>
<noForegroundColor>true</noForegroundColor>
</targetLabel>
<points>
<point x="501" y="502"/>
<point x="604" y="685"/>
</points>
</Connector>
<Connector class="oracle.dbtools.crest.swingui.logical.TVInheritanceRelation" oid="D74331E5-ECAA-9EFC-5851-9FB4DEB55418" otype="Hierarchy relation" vid_source="614F8916-C6D6-B363-0E7D-F5FE881C9945" vid_target="5C80C2E8-3C2D-6DE6-2F2D-C38E058D89ED">
<hideElementsInCurrentOnly>false</hideElementsInCurrentOnly>
<backgroundColor>-65536</backgroundColor>
<lineWidth>1</lineWidth>
</Connector>
<Connector class="oracle.dbtools.crest.swingui.logical.TVRelation" oid="DF6EB174-5F37-2F33-A2C8-FB317772F17C" otype="Relation" vid_source="E6632F68-D522-9F85-CC1D-6385C405A11A" vid_target="A0EAEDBF-79A8-4311-F487-05DE0EE11A1E">
<hideElementsInCurrentOnly>false</hideElementsInCurrentOnly>
<backgroundColor>-16777216</backgroundColor>
<lineWidth>1</lineWidth>
<sourceLabel class="oracle.dbtools.crest.model.design.Label">
<site>0</site>
<labelBounds x="1233" y="87" width="44" height="30"/>
<noBackgroundColor>true</noBackgroundColor>
<noForegroundColor>true</noForegroundColor>
</sourceLabel>
<targetLabel class="oracle.dbtools.crest.model.design.Label">
<site>2</site>
<labelBounds x="993" y="120" width="73" height="30"/>
<noBackgroundColor>true</noBackgroundColor>
<noForegroundColor>true</noForegroundColor>
</targetLabel>
<points>
<point x="1283" y="117"/>
<point x="983" y="117"/>
</points>
</Connector>
<Connector class="oracle.dbtools.crest.swingui.logical.TVRelation" oid="E01B8137-0D40-E332-F0EE-9D9886622150" otype="Relation" vid_source="614F8916-C6D6-B363-0E7D-F5FE881C9945" vid_target="56AC26E2-C435-6840-7120-0B8F64F203B4">
<hideElementsInCurrentOnly>false</hideElementsInCurrentOnly>
<backgroundColor>-16777216</backgroundColor>
<lineWidth>1</lineWidth>
<sourceLabel class="oracle.dbtools.crest.model.design.Label">
<site>0</site>
<labelBounds x="800" y="827" width="53" height="30"/>
<noBackgroundColor>true</noBackgroundColor>
<noForegroundColor>true</noForegroundColor>
</sourceLabel>
<targetLabel class="oracle.dbtools.crest.model.design.Label">
<site>2</site>
<labelBounds x="1367" y="860" width="18" height="30"/>
<noBackgroundColor>true</noBackgroundColor>
<noForegroundColor>true</noForegroundColor>
</targetLabel>
<points>
<point x="790" y="857"/>
<point x="1391" y="857"/>
</points>
</Connector>
</connectors>
</Diagram>