<?xml version = '1.0' encoding = 'UTF-8'?>
<relationalModel class="oracle.dbtools.crest.model.design.relational.RelationalDesign" name="Relational_1" id="6FBED767-2169-B8F5-484E-8D183EB62696" mainViewID="307170DD-CBB4-E0C3-155A-20D7E802A58A">
<createdBy>vero7</createdBy>
<createdTime>2022-01-22 13:15:55 UTC</createdTime>
<ownerDesignName>TRABAJO_EBURY</ownerDesignName>
<shouldBeOpen>true</shouldBeOpen>
<selectedRDBMSSite>32076570-2523-435C-2E92-BF29817DFF70</selectedRDBMSSite>
</relationalModel>