<?xml version = '1.0' encoding = 'UTF-8'?>
<InheritanceRelation class="oracle.dbtools.crest.model.design.logical.InheritanceRelation" name="Hierarchy_7" directorySegmentName="seg_0" id="3D273818-077D-1FB0-F0ED-0BE580D4EA9D">
<createdBy>vero7</createdBy>
<createdTime>2022-01-22 13:53:08 UTC</createdTime>
<ownerDesignName>TRABAJO_EBURY</ownerDesignName>
<engineerTo>
<item key="6FBED767-2169-B8F5-484E-8D183EB62696" value="true"/>
</engineerTo>
<identifying>false</identifying>
<nameOnSource>Super Type</nameOnSource>
<nameOnTarget>Sub Type</nameOnTarget>
<optionalSource>true</optionalSource>
<optionalTarget>true</optionalTarget>
<sourceEntity>6331D7F5-8232-221F-11D4-37B1942FB190</sourceEntity>
<targetEntity>F5B7FBE9-944E-5E5D-D0E9-8485AC002E80</targetEntity>
<transferable>true</transferable>
<deleteRule>NO ACTION</deleteRule>
</InheritanceRelation>