<?xml version = '1.0' encoding = 'UTF-8'?>
<FKArc class="oracle.dbtools.crest.model.design.relational.FKArc" directorySegmentName="seg_0" id="3217BAB7-3324-0437-0799-E000BA24C0F8" name="FKArc_2">
<createdBy>vero7</createdBy>
<createdTime>2022-01-22 14:03:42 UTC</createdTime>
<ownerDesignName>TRABAJO_EBURY</ownerDesignName>
<mandatory>false</mandatory>
<reverseArc>true</reverseArc>
<table>837DBFA5-0E62-50EE-0817-527E5D7682E8</table>
<fkeys>
<fkeyID>D3A67EDB-AF9A-4CDF-6937-69F9520DFF8F</fkeyID>
<fkeyID>A8E1E5E5-F9E4-B736-BF99-6F4898707295</fkeyID>
<fkeyID>A9B661C4-AD75-63BB-061A-686253343608</fkeyID>
</fkeys>
</FKArc>