<?xml version = '1.0' encoding = 'UTF-8'?>
<FKArc class="oracle.dbtools.crest.model.design.relational.FKArc" directorySegmentName="seg_0" id="34DE214B-1E6D-D46E-4AA3-BE645FC4880E" name="FKArc_3">
<createdBy>vero7</createdBy>
<createdTime>2022-01-22 14:03:42 UTC</createdTime>
<ownerDesignName>TRABAJO_EBURY</ownerDesignName>
<mandatory>false</mandatory>
<reverseArc>true</reverseArc>
<table>5A32576E-F652-4CB7-97DD-B3808A90509E</table>
<fkeys>
<fkeyID>B0DCCB38-7226-99E3-E175-A4B612E9D086</fkeyID>
<fkeyID>8DDFFB61-39BF-66EE-E576-B9D9AEA5F814</fkeyID>
</fkeys>
</FKArc>