<?xml version = '1.0' encoding = 'UTF-8'?>
<FKArc class="oracle.dbtools.crest.model.design.relational.FKArc" directorySegmentName="seg_0" id="4F6DCEA2-8CC1-B2E9-DB56-CCAFF8AF7690" name="FKArc_1">
<createdBy>vero7</createdBy>
<createdTime>2022-01-22 14:03:42 UTC</createdTime>
<ownerDesignName>TRABAJO_EBURY</ownerDesignName>
<mandatory>false</mandatory>
<reverseArc>true</reverseArc>
<table>76892059-DD32-0F5C-EFF5-15E9F2A3E14A</table>
<fkeys>
<fkeyID>258C56AA-85A7-F230-EF32-EA4F80F93E6B</fkeyID>
<fkeyID>CE5C7A2B-0BF9-B0B8-6849-82F654F455BD</fkeyID>
</fkeys>
</FKArc>