<?xml version = '1.0' encoding = 'UTF-8'?>
<Diagram class="oracle.dbtools.crest.swingui.relational.DPVRelational" name="Relational_1" id="307170DD-CBB4-E0C3-155A-20D7E802A58A">
<createdBy>vero7</createdBy>
<modifiedBy>vero7</modifiedBy>
<createdTime>2022-01-22 14:03:28 UTC</createdTime>
<autoRoute>false</autoRoute>
<boxInbox>true</boxInbox>
<showLegend>false</showLegend>
<showLabels>false</showLabels>
<showRelAttributes>false</showRelAttributes>
<gridEnabled>false</gridEnabled>
<showGrid>false</showGrid>
<diagramColor>-1</diagramColor>
<display>false</display>
<notation>1</notation>
<objectViews>
<OView class="oracle.dbtools.crest.swingui.relational.TVTable" oid="1BC0CB38-28C6-D4E8-8EA4-18B739B6B002" otype="Table" vid="D49AF9D7-8F8C-577B-6427-A11F66B371DF">
<hideElementsInCurrentOnly>false</hideElementsInCurrentOnly>
<bounds x="1339" y="333" width="161" height="135"/>
</OView>
<OView class="oracle.dbtools.crest.swingui.relational.TVTable" oid="2C0F8DA8-A33C-7D0E-2F30-860FE592FD78" otype="Table" vid="C39CDC6B-5654-D97A-1E27-32A4B472E8D3">
<hideElementsInCurrentOnly>false</hideElementsInCurrentOnly>
<bounds x="1875" y="482" width="269" height="110"/>
</OView>
<OView class="oracle.dbtools.crest.swingui.relational.TVTable" oid="3D1CFD11-00CC-93FB-72BF-546F71F8FD37" otype="Table" vid="744C64C1-0597-782A-C71E-3EEDB1277023">
<hideElementsInCurrentOnly>false</hideElementsInCurrentOnly>
<bounds x="593" y="943" width="115" height="45"/>
</OView>
<OView class="oracle.dbtools.crest.swingui.relational.TVTable" oid="415657A4-11C0-A850-5C66-6C381E4ADC87" otype="Table" vid="0204A749-3F57-EC5D-9DB5-C30577AA3BAB">
<hideElementsInCurrentOnly>false</hideElementsInCurrentOnly>
<bounds x="1533" y="834" width="95" height="46"/>
</OView>
<OView class="oracle.dbtools.crest.swingui.relational.TVTable" oid="4BB2FF1B-E233-F724-A01F-80369B07E7AA" otype="Table" vid="9208A84B-3D15-D613-A995-8D969E7438B2">
<hideElementsInCurrentOnly>false</hideElementsInCurrentOnly>
<bounds x="828" y="56" width="155" height="123"/>
</OView>
<OView class="oracle.dbtools.crest.swingui.relational.TVTable" oid="580B8931-804B-3134-22AD-7B86462FB71C" otype="Table" vid="07FD91E7-90B5-E160-E86A-31D2004BD73D">
<hideElementsInCurrentOnly>false</hideElementsInCurrentOnly>
<bounds x="997" y="287" width="170" height="110"/>
</OView>
<OView class="oracle.dbtools.crest.swingui.relational.TVTable" oid="5A32576E-F652-4CB7-97DD-B3808A90509E" otype="Table" vid="5FA90BB2-BB14-C05F-8731-373178593669">
<hideElementsInCurrentOnly>false</hideElementsInCurrentOnly>
<bounds x="1357" y="689" width="343" height="219"/>
</OView>
<OView class="oracle.dbtools.crest.swingui.relational.TVTable" oid="5C0BED63-DCF7-7BC4-8561-1072BC3D9A0B" otype="Table" vid="695627D8-1B6C-D4DC-176A-8ABE28CDFE43">
<hideElementsInCurrentOnly>false</hideElementsInCurrentOnly>
<bounds x="1391" y="833" width="112" height="49"/>
</OView>
<OView class="oracle.dbtools.crest.swingui.relational.TVTable" oid="76892059-DD32-0F5C-EFF5-15E9F2A3E14A" otype="Table" vid="1767B782-E056-01B3-E6EC-7F820F423D81">
<hideElementsInCurrentOnly>false</hideElementsInCurrentOnly>
<bounds x="269" y="221" width="304" height="270"/>
</OView>
<OView class="oracle.dbtools.crest.swingui.relational.TVTable" oid="837DBFA5-0E62-50EE-0817-527E5D7682E8" otype="Table" vid="A9538018-2AD4-25BE-FE3F-FC03B6C27455">
<hideElementsInCurrentOnly>false</hideElementsInCurrentOnly>
<bounds x="972" y="644" width="195" height="316"/>
</OView>
<OView class="oracle.dbtools.crest.swingui.relational.TVTable" oid="85014382-D353-51D8-0E8B-0678FDB1EA0C" otype="Table" vid="F4D6E836-1541-CF7B-E330-54DA64ADC321">
<hideElementsInCurrentOnly>false</hideElementsInCurrentOnly>
<bounds x="1283" y="51" width="199" height="143"/>
</OView>
<OView class="oracle.dbtools.crest.swingui.relational.TVTable" oid="8C52632B-B8D4-6FC4-A8F6-9B163BE5681B" otype="Table" vid="212693DA-80B0-7EA1-5F79-A3C8457B2C1F">
<hideElementsInCurrentOnly>false</hideElementsInCurrentOnly>
<bounds x="17" y="568" width="134" height="109"/>
</OView>
<OView class="oracle.dbtools.crest.swingui.relational.TVTable" oid="966864D8-4D17-D645-6A79-10BB32AD8B94" otype="Table" vid="C74417D8-8ED1-247E-41BC-7708D34157E2">
<hideElementsInCurrentOnly>false</hideElementsInCurrentOnly>
<bounds x="590" y="751" width="118" height="38"/>
</OView>
<OView class="oracle.dbtools.crest.swingui.relational.TVTable" oid="A5101284-27EE-BFC5-6A48-20600B1FD69B" otype="Table" vid="B2B681AA-B264-C197-F333-8D2EC2C58BB6">
<hideElementsInCurrentOnly>false</hideElementsInCurrentOnly>
<bounds x="429" y="34" width="129" height="109"/>
</OView>
<OView class="oracle.dbtools.crest.swingui.relational.TVTable" oid="AC6951C0-8A8C-1D12-EDA6-16005859C677" otype="Table" vid="3535FF50-DD42-FA83-8329-267F9DD848F8">
<hideElementsInCurrentOnly>false</hideElementsInCurrentOnly>
<bounds x="538" y="605" width="185" height="121"/>
</OView>
<OView class="oracle.dbtools.crest.swingui.relational.TVTable" oid="B3C66B39-B176-282A-9288-B14A4744EFEC" otype="Table" vid="F81B6281-EAAE-49D7-B618-C546698D9EE2">
<hideElementsInCurrentOnly>false</hideElementsInCurrentOnly>
<bounds x="588" y="848" width="114" height="36"/>
</OView>
<OView class="oracle.dbtools.crest.swingui.relational.TVTable" oid="C0166D4A-1734-0408-BF7F-CE2B07C89D8F" otype="Table" vid="D469BD03-AA2B-D69E-70FB-C3D4FCF50E6A">
<hideElementsInCurrentOnly>false</hideElementsInCurrentOnly>
<bounds x="235" y="580" width="130" height="117"/>
</OView>
<OView class="oracle.dbtools.crest.swingui.relational.TVTable" oid="C549F6BD-EE5C-B95E-BAA8-2016AB518684" otype="Table" vid="10E49723-DBC3-D071-6C87-0866F30B2E02">
<hideElementsInCurrentOnly>false</hideElementsInCurrentOnly>
<bounds x="32" y="62" width="211" height="77"/>
</OView>
<OView class="oracle.dbtools.crest.swingui.relational.TVTable" oid="C8B8A3F7-F891-90BF-D4EA-BADBA727E30C" otype="Table" vid="E0428AB8-963C-03AA-D9E6-2D5ADE24F408">
<hideElementsInCurrentOnly>false</hideElementsInCurrentOnly>
<bounds x="1455" y="1057" width="230" height="128"/>
</OView>
<OView class="oracle.dbtools.crest.swingui.relational.TVTable" oid="CEBDAA75-0530-C429-9139-829036AF89BF" otype="Table" vid="0A29DCFE-84E0-2904-E9F6-382B2DE494F4">
<hideElementsInCurrentOnly>false</hideElementsInCurrentOnly>
<bounds x="16" y="328" width="147" height="93"/>
</OView>
<OView class="oracle.dbtools.crest.swingui.relational.TVTable" oid="E4EB33CC-F6B9-A161-B010-5ECF0E2C7C7C" otype="Table" vid="E4FF556D-0F8B-63B7-DF9A-A7D02D458683">
<hideElementsInCurrentOnly>false</hideElementsInCurrentOnly>
<bounds x="201" y="760" width="224" height="177"/>
</OView>
<OView class="oracle.dbtools.crest.swingui.relational.TVTable" oid="F02787C9-3DDA-052E-F0F0-7D637ADFA2D0" otype="Table" vid="959BDB29-60D3-0C9B-DA02-2676722C2FF1">
<hideElementsInCurrentOnly>false</hideElementsInCurrentOnly>
<bounds x="1427" y="566" width="117" height="78"/>
</OView>
</objectViews>
<connectors>
<Connector class="oracle.dbtools.crest.swingui.relational.TVFKRelation" oid="05065653-5F48-5809-B4B4-542C42BBD19E" otype="FKIndexAssociation" vid_source="212693DA-80B0-7EA1-5F79-A3C8457B2C1F" vid_target="0A29DCFE-84E0-2904-E9F6-382B2DE494F4">
<hideElementsInCurrentOnly>false</hideElementsInCurrentOnly>
<backgroundColor>-16777216</backgroundColor>
<lineWidth>1</lineWidth>
<points>
<point x="84" y="568"/>
<point x="84" y="421"/>
</points>
</Connector>
<Connector class="oracle.dbtools.crest.swingui.relational.TVFKRelation" oid="108D6959-87D3-6FA3-279C-6B4A5A7EE9EB" otype="FKIndexAssociation" vid_source="A9538018-2AD4-25BE-FE3F-FC03B6C27455" vid_target="959BDB29-60D3-0C9B-DA02-2676722C2FF1">
<hideElementsInCurrentOnly>false</hideElementsInCurrentOnly>
<backgroundColor>-16777216</backgroundColor>
<lineWidth>1</lineWidth>
<points>
<point x="1167" y="644"/>
<point x="1427" y="644"/>
</points>
</Connector>
<Connector class="oracle.dbtools.crest.swingui.relational.TVFKRelation" oid="14ADF882-AD8E-A6EE-AB7D-8EF9852A2357" otype="FKIndexAssociation" vid_source="F4D6E836-1541-CF7B-E330-54DA64ADC321" vid_target="9208A84B-3D15-D613-A995-8D969E7438B2">
<hideElementsInCurrentOnly>false</hideElementsInCurrentOnly>
<backgroundColor>-16777216</backgroundColor>
<lineWidth>1</lineWidth>
<points>
<point x="1283" y="117"/>
<point x="983" y="117"/>
</points>
</Connector>
<Connector class="oracle.dbtools.crest.swingui.relational.TVFKRelation" oid="1886ABBB-7095-98F8-6D3D-ECD22BE8F9AB" otype="FKIndexAssociation" vid_source="1767B782-E056-01B3-E6EC-7F820F423D81" vid_target="A9538018-2AD4-25BE-FE3F-FC03B6C27455">
<hideElementsInCurrentOnly>false</hideElementsInCurrentOnly>
<backgroundColor>-16777216</backgroundColor>
<lineWidth>1</lineWidth>
<points>
<point x="573" y="460"/>
<point x="972" y="734"/>
</points>
</Connector>
<Connector class="oracle.dbtools.crest.swingui.relational.TVFKRelation" oid="258C56AA-85A7-F230-EF32-EA4F80F93E6B" otype="FKIndexAssociation" vid_source="1767B782-E056-01B3-E6EC-7F820F423D81" vid_target="212693DA-80B0-7EA1-5F79-A3C8457B2C1F">
<hideElementsInCurrentOnly>false</hideElementsInCurrentOnly>
<backgroundColor>-16777216</backgroundColor>
<lineWidth>1</lineWidth>
<points>
<point x="269" y="476"/>
<point x="151" y="569"/>
</points>
</Connector>
<Connector class="oracle.dbtools.crest.swingui.relational.TVFKRelation" oid="2793A45B-AE81-96EE-CEDF-AA40A06A218E" otype="FKIndexAssociation" vid_source="B2B681AA-B264-C197-F333-8D2EC2C58BB6" vid_target="1767B782-E056-01B3-E6EC-7F820F423D81">
<hideElementsInCurrentOnly>false</hideElementsInCurrentOnly>
<backgroundColor>-16777216</backgroundColor>
<lineWidth>1</lineWidth>
<points>
<point x="463" y="143"/>
<point x="463" y="221"/>
</points>
</Connector>
<Connector class="oracle.dbtools.crest.swingui.relational.TVFKRelation" oid="2931878D-E3C4-17A9-3087-D01CDDB0E829" otype="FKIndexAssociation" vid_source="D49AF9D7-8F8C-577B-6427-A11F66B371DF" vid_target="C39CDC6B-5654-D97A-1E27-32A4B472E8D3">
<hideElementsInCurrentOnly>false</hideElementsInCurrentOnly>
<backgroundColor>-16777216</backgroundColor>
<lineWidth>1</lineWidth>
<points>
<point x="1500" y="419"/>
<point x="1875" y="505"/>
</points>
</Connector>
<Connector class="oracle.dbtools.crest.swingui.relational.TVFKRelation" oid="488AA5B0-04D4-C85D-3DD8-1E34112B8033" otype="FKIndexAssociation" vid_source="9208A84B-3D15-D613-A995-8D969E7438B2" vid_target="E4FF556D-0F8B-63B7-DF9A-A7D02D458683">
<hideElementsInCurrentOnly>false</hideElementsInCurrentOnly>
<backgroundColor>-16777216</backgroundColor>
<lineWidth>1</lineWidth>
<points>
<point x="855" y="179"/>
<point x="384" y="760"/>
</points>
</Connector>
<Connector class="oracle.dbtools.crest.swingui.relational.TVFKRelation" oid="63DBEA99-F0A8-C84E-B172-0AC2DCA51A9F" otype="FKIndexAssociation" vid_source="E4FF556D-0F8B-63B7-DF9A-A7D02D458683" vid_target="3535FF50-DD42-FA83-8329-267F9DD848F8">
<hideElementsInCurrentOnly>false</hideElementsInCurrentOnly>
<backgroundColor>-16777216</backgroundColor>
<lineWidth>1</lineWidth>
<points>
<point x="425" y="783"/>
<point x="538" y="718"/>
</points>
</Connector>
<Connector class="oracle.dbtools.crest.swingui.relational.TVFKRelation" oid="75A7BCDB-DFBF-B700-7E63-C5566E609EA8" otype="FKIndexAssociation" vid_source="F4D6E836-1541-CF7B-E330-54DA64ADC321" vid_target="07FD91E7-90B5-E160-E86A-31D2004BD73D">
<hideElementsInCurrentOnly>false</hideElementsInCurrentOnly>
<backgroundColor>-16777216</backgroundColor>
<lineWidth>1</lineWidth>
<points>
<point x="1284" y="194"/>
<point x="1157" y="287"/>
</points>
</Connector>
<Connector class="oracle.dbtools.crest.swingui.relational.TVFKRelation" oid="8DDFFB61-39BF-66EE-E576-B9D9AEA5F814" otype="FKIndexAssociation" vid_source="5FA90BB2-BB14-C05F-8731-373178593669" vid_target="0204A749-3F57-EC5D-9DB5-C30577AA3BAB">
<hideElementsInCurrentOnly>false</hideElementsInCurrentOnly>
<backgroundColor>-16777216</backgroundColor>
<lineWidth>1</lineWidth>
<points>
<point x="1551" y="689"/>
<point x="1551" y="834"/>
</points>
</Connector>
<Connector class="oracle.dbtools.crest.swingui.relational.TVFKRelation" oid="993B28CA-F70C-9FDE-9D68-51295F8033B9" otype="FKIndexAssociation" vid_source="B2B681AA-B264-C197-F333-8D2EC2C58BB6" vid_target="10E49723-DBC3-D071-6C87-0866F30B2E02">
<hideElementsInCurrentOnly>false</hideElementsInCurrentOnly>
<backgroundColor>-16777216</backgroundColor>
<lineWidth>1</lineWidth>
<points>
<point x="429" y="115"/>
<point x="243" y="115"/>
</points>
</Connector>
<Connector class="oracle.dbtools.crest.swingui.relational.TVFKRelation" oid="A45EA158-8DD9-2546-DC1D-3A549395B7FE" otype="FKIndexAssociation" vid_source="D49AF9D7-8F8C-577B-6427-A11F66B371DF" vid_target="959BDB29-60D3-0C9B-DA02-2676722C2FF1">
<hideElementsInCurrentOnly>false</hideElementsInCurrentOnly>
<backgroundColor>-16777216</backgroundColor>
<lineWidth>1</lineWidth>
<points>
<point x="1463" y="468"/>
<point x="1463" y="566"/>
</points>
</Connector>
<Connector class="oracle.dbtools.crest.swingui.relational.TVFKRelation" oid="A8DA08BF-0DE2-2170-862D-0E267A1B34E5" otype="FKIndexAssociation" vid_source="D49AF9D7-8F8C-577B-6427-A11F66B371DF" vid_target="07FD91E7-90B5-E160-E86A-31D2004BD73D">
<hideElementsInCurrentOnly>false</hideElementsInCurrentOnly>
<backgroundColor>-16777216</backgroundColor>
<lineWidth>1</lineWidth>
<points>
<point x="1339" y="365"/>
<point x="1167" y="365"/>
</points>
</Connector>
<Connector class="oracle.dbtools.crest.swingui.relational.TVFKRelation" oid="A8E1E5E5-F9E4-B736-BF99-6F4898707295" otype="FKIndexAssociation" vid_source="A9538018-2AD4-25BE-FE3F-FC03B6C27455" vid_target="F81B6281-EAAE-49D7-B618-C546698D9EE2">
<hideElementsInCurrentOnly>false</hideElementsInCurrentOnly>
<backgroundColor>-16777216</backgroundColor>
<lineWidth>1</lineWidth>
<points>
<point x="972" y="866"/>
<point x="702" y="866"/>
</points>
</Connector>
<Connector class="oracle.dbtools.crest.swingui.relational.TVFKRelation" oid="A98EF585-47B3-59BA-D49C-8FF8407E3A8A" otype="FKIndexAssociation" vid_source="C74417D8-8ED1-247E-41BC-7708D34157E2" vid_target="3535FF50-DD42-FA83-8329-267F9DD848F8">
<hideElementsInCurrentOnly>false</hideElementsInCurrentOnly>
<backgroundColor>-16777216</backgroundColor>
<lineWidth>1</lineWidth>
<points>
<point x="649" y="751"/>
<point x="649" y="726"/>
</points>
</Connector>
<Connector class="oracle.dbtools.crest.swingui.relational.TVFKRelation" oid="A9B661C4-AD75-63BB-061A-686253343608" otype="FKIndexAssociation" vid_source="A9538018-2AD4-25BE-FE3F-FC03B6C27455" vid_target="744C64C1-0597-782A-C71E-3EEDB1277023">
<hideElementsInCurrentOnly>false</hideElementsInCurrentOnly>
<backgroundColor>-16777216</backgroundColor>
<lineWidth>1</lineWidth>
<points>
<point x="972" y="951"/>
<point x="708" y="951"/>
</points>
</Connector>
<Connector class="oracle.dbtools.crest.swingui.relational.TVFKRelation" oid="B0DCCB38-7226-99E3-E175-A4B612E9D086" otype="FKIndexAssociation" vid_source="5FA90BB2-BB14-C05F-8731-373178593669" vid_target="695627D8-1B6C-D4DC-176A-8ABE28CDFE43">
<hideElementsInCurrentOnly>false</hideElementsInCurrentOnly>
<backgroundColor>-16777216</backgroundColor>
<lineWidth>1</lineWidth>
<points>
<point x="1447" y="689"/>
<point x="1447" y="833"/>
</points>
</Connector>
<Connector class="oracle.dbtools.crest.swingui.relational.TVFKRelation" oid="BA7B9FCF-D092-96F7-0269-81D259D2E911" otype="FKIndexAssociation" vid_source="E4FF556D-0F8B-63B7-DF9A-A7D02D458683" vid_target="F81B6281-EAAE-49D7-B618-C546698D9EE2">
<hideElementsInCurrentOnly>false</hideElementsInCurrentOnly>
<backgroundColor>-16777216</backgroundColor>
<lineWidth>1</lineWidth>
<points>
<point x="425" y="851"/>
<point x="588" y="851"/>
</points>
</Connector>
<Connector class="oracle.dbtools.crest.swingui.relational.TVFKRelation" oid="CC0954A4-0759-3971-A2A0-17AC9CA64113" otype="FKIndexAssociation" vid_source="E4FF556D-0F8B-63B7-DF9A-A7D02D458683" vid_target="744C64C1-0597-782A-C71E-3EEDB1277023">
<hideElementsInCurrentOnly>false</hideElementsInCurrentOnly>
<backgroundColor>-16777216</backgroundColor>
<lineWidth>1</lineWidth>
<points>
<point x="425" y="887"/>
<point x="623" y="943"/>
</points>
</Connector>
<Connector class="oracle.dbtools.crest.swingui.relational.TVFKRelation" oid="CE5C7A2B-0BF9-B0B8-6849-82F654F455BD" otype="FKIndexAssociation" vid_source="1767B782-E056-01B3-E6EC-7F820F423D81" vid_target="D469BD03-AA2B-D69E-70FB-C3D4FCF50E6A">
<hideElementsInCurrentOnly>false</hideElementsInCurrentOnly>
<backgroundColor>-16777216</backgroundColor>
<lineWidth>1</lineWidth>
<points>
<point x="317" y="491"/>
<point x="317" y="580"/>
</points>
</Connector>
<Connector class="oracle.dbtools.crest.swingui.relational.TVFKRelation" oid="D05B17F9-DF5E-C339-38E6-4608F4A75399" otype="FKIndexAssociation" vid_source="A9538018-2AD4-25BE-FE3F-FC03B6C27455" vid_target="5FA90BB2-BB14-C05F-8731-373178593669">
<hideElementsInCurrentOnly>false</hideElementsInCurrentOnly>
<backgroundColor>-16777216</backgroundColor>
<lineWidth>1</lineWidth>
<points>
<point x="1167" y="813"/>
<point x="1357" y="813"/>
</points>
</Connector>
<Connector class="oracle.dbtools.crest.swingui.relational.TVFKRelation" oid="D3A67EDB-AF9A-4CDF-6937-69F9520DFF8F" otype="FKIndexAssociation" vid_source="A9538018-2AD4-25BE-FE3F-FC03B6C27455" vid_target="C74417D8-8ED1-247E-41BC-7708D34157E2">
<hideElementsInCurrentOnly>false</hideElementsInCurrentOnly>
<backgroundColor>-16777216</backgroundColor>
<lineWidth>1</lineWidth>
<points>
<point x="972" y="770"/>
<point x="708" y="770"/>
</points>
</Connector>
<Connector class="oracle.dbtools.crest.swingui.relational.TVFKRelation" oid="E17431F0-8975-086F-F67F-3EB59748A237" otype="FKIndexAssociation" vid_source="E0428AB8-963C-03AA-D9E6-2D5ADE24F408" vid_target="0204A749-3F57-EC5D-9DB5-C30577AA3BAB">
<hideElementsInCurrentOnly>false</hideElementsInCurrentOnly>
<backgroundColor>-16777216</backgroundColor>
<lineWidth>1</lineWidth>
<points>
<point x="1580" y="1057"/>
<point x="1580" y="880"/>
</points>
</Connector>
<Connector class="oracle.dbtools.crest.swingui.relational.TVFKRelation" oid="E7560D3E-3944-44E4-DCA0-092DC722041C" otype="FKIndexAssociation" vid_source="5FA90BB2-BB14-C05F-8731-373178593669" vid_target="C39CDC6B-5654-D97A-1E27-32A4B472E8D3">
<hideElementsInCurrentOnly>false</hideElementsInCurrentOnly>
<backgroundColor>-16777216</backgroundColor>
<lineWidth>1</lineWidth>
<points>
<point x="1700" y="705"/>
<point x="1908" y="592"/>
</points>
</Connector>
<Connector class="oracle.dbtools.crest.swingui.relational.TVFKRelation" oid="F4FCBB27-0EF9-ECEC-051F-BE7527DD483F" otype="FKIndexAssociation" vid_source="A9538018-2AD4-25BE-FE3F-FC03B6C27455" vid_target="695627D8-1B6C-D4DC-176A-8ABE28CDFE43">
<hideElementsInCurrentOnly>false</hideElementsInCurrentOnly>
<backgroundColor>-16777216</backgroundColor>
<lineWidth>1</lineWidth>
<points>
<point x="1167" y="872"/>
<point x="1391" y="872"/>
</points>
</Connector>
<Connector class="oracle.dbtools.crest.swingui.relational.TVFKRelation" oid="F8922516-D013-31BA-C743-D5628422A095" otype="FKIndexAssociation" vid_source="B2B681AA-B264-C197-F333-8D2EC2C58BB6" vid_target="9208A84B-3D15-D613-A995-8D969E7438B2">
<hideElementsInCurrentOnly>false</hideElementsInCurrentOnly>
<backgroundColor>-16777216</backgroundColor>
<lineWidth>1</lineWidth>
<points>
<point x="558" y="129"/>
<point x="828" y="129"/>
</points>
</Connector>
<Connector class="oracle.dbtools.crest.swingui.relational.TVFKRelation" oid="FD670805-5B50-84EB-8287-4464D004FAC9" otype="FKIndexAssociation" vid_source="10E49723-DBC3-D071-6C87-0866F30B2E02" vid_target="0A29DCFE-84E0-2904-E9F6-382B2DE494F4">
<hideElementsInCurrentOnly>false</hideElementsInCurrentOnly>
<backgroundColor>-16777216</backgroundColor>
<lineWidth>1</lineWidth>
<points>
<point x="99" y="139"/>
<point x="97" y="328"/>
</points>
</Connector>
</connectors>
<arcs>
<Arc class="oracle.dbtools.crest.swingui.relational.TVFKArc" oid="3217BAB7-3324-0437-0799-E000BA24C0F8" otype="FKArc" vid="5AF9666B-0171-5288-DF3B-D4316367B17A">
<hideElementsInCurrentOnly>false</hideElementsInCurrentOnly>
<bounds x="952" y="624" width="235" height="356"/>
</Arc>
<Arc class="oracle.dbtools.crest.swingui.relational.TVFKArc" oid="34DE214B-1E6D-D46E-4AA3-BE645FC4880E" otype="FKArc" vid="9520846A-18E3-0445-EF01-BCC7CBBF826C">
<hideElementsInCurrentOnly>false</hideElementsInCurrentOnly>
<bounds x="1337" y="669" width="383" height="259"/>
</Arc>
<Arc class="oracle.dbtools.crest.swingui.relational.TVFKArc" oid="4F6DCEA2-8CC1-B2E9-DB56-CCAFF8AF7690" otype="FKArc" vid="2E110D42-9201-C53B-E246-6033E5B8B2D3">
<hideElementsInCurrentOnly>false</hideElementsInCurrentOnly>
<bounds x="249" y="201" width="344" height="310"/>
</Arc>
</arcs>
</Diagram>