<?xml version = '1.0' encoding = 'UTF-8'?>
<Entity class="oracle.dbtools.crest.model.design.logical.Entity" directorySegmentName="seg_0" id="05B822F3-3334-76A5-7B44-4D292BDB4F71" name="PERSONA_AUTORIZADA">
<createdBy>vero7</createdBy>
<createdTime>2022-01-22 13:31:50 UTC</createdTime>
<ownerDesignName>TRABAJO_EBURY</ownerDesignName>
<engineerTo>
<item key="6FBED767-2169-B8F5-484E-8D183EB62696" value="true"/>
</engineerTo>
<adequatelyNormalized>NO</adequatelyNormalized>
<expectedVolumes>0</expectedVolumes>
<fwdEngineeringStrategyName>Single Table</fwdEngineeringStrategyName>
<growthPercent>0</growthPercent>
<growthType>Year</growthType>
<maxVolumes>9999999</maxVolumes>
<minVolumes>0</minVolumes>
<normalForm>Third</normalForm>
<attributes itemClass="oracle.dbtools.crest.model.design.logical.Attribute">
<Attribute name="DNI" id="E78A1E72-854A-6FF9-D6A1-51CF835E34A4">
<createdBy>vero7</createdBy>
<createdTime>2022-01-22 13:31:58 UTC</createdTime>
<ownerDesignName>TRABAJO_EBURY</ownerDesignName>
<engineerTo>
<item key="6FBED767-2169-B8F5-484E-8D183EB62696" value="true"/>
</engineerTo>
<useDomainConstraints>false</useDomainConstraints>
<use>1</use>
<logicalDatatype>LOGDT024</logicalDatatype>
<dataTypeSize>9 CHAR</dataTypeSize>
<ownDataTypeParameters>9 CHAR,,</ownDataTypeParameters>
</Attribute>
<Attribute name="Nombre" id="8D9D0D7E-CF96-29C8-7D78-61CF472F466E">
<createdBy>vero7</createdBy>
<createdTime>2022-01-22 13:32:07 UTC</createdTime>
<ownerDesignName>TRABAJO_EBURY</ownerDesignName>
<engineerTo>
<item key="6FBED767-2169-B8F5-484E-8D183EB62696" value="true"/>
</engineerTo>
<nullsAllowed>true</nullsAllowed>
<useDomainConstraints>false</useDomainConstraints>
<use>1</use>
<logicalDatatype>LOGDT024</logicalDatatype>
<dataTypeSize>25 CHAR</dataTypeSize>
<ownDataTypeParameters>25 CHAR,,</ownDataTypeParameters>
</Attribute>
<Attribute name="Apellidos" id="147FEA84-F3CD-00FE-9760-01C8029DD8D0">
<createdBy>vero7</createdBy>
<createdTime>2022-01-22 13:32:24 UTC</createdTime>
<ownerDesignName>TRABAJO_EBURY</ownerDesignName>
<engineerTo>
<item key="6FBED767-2169-B8F5-484E-8D183EB62696" value="true"/>
</engineerTo>
<nullsAllowed>true</nullsAllowed>
<useDomainConstraints>false</useDomainConstraints>
<use>1</use>
<logicalDatatype>LOGDT024</logicalDatatype>
<dataTypeSize>25 CHAR</dataTypeSize>
<ownDataTypeParameters>25 CHAR,,</ownDataTypeParameters>
</Attribute>
<Attribute name="Código_postal" id="4B6DF2C3-70C9-5DF5-8F15-0BB6ED6C5624">
<createdBy>vero7</createdBy>
<createdTime>2022-01-24 18:49:50 UTC</createdTime>
<generatorID>4705F197-13C4-33F2-D93A-168AD7A73B9D</generatorID>
<ownerDesignName>TRABAJO_EBURY</ownerDesignName>
<engineerTo>
<item key="6FBED767-2169-B8F5-484E-8D183EB62696" value="true"/>
</engineerTo>
<referedAttribute>E051CF5D-11D1-714B-70CA-3D5E4D827387</referedAttribute>
<useDomainConstraints>false</useDomainConstraints>
<use>1</use>
<logicalDatatype>LOGDT011</logicalDatatype>
<ownDataTypeParameters>,,</ownDataTypeParameters>
</Attribute>
</attributes>
<identifiers itemClass="oracle.dbtools.crest.model.design.logical.CandidateKey">
<identifier id="9F620FD1-1DC3-D65D-3F7B-A66281B10317" name="PERSONA_AUTORIZADA PK">
<createdBy>vero7</createdBy>
<createdTime>2022-01-22 13:32:06 UTC</createdTime>
<ownerDesignName>TRABAJO_EBURY</ownerDesignName>
<shouldEngineer>false</shouldEngineer>
<engineerTo>
<item key="6FBED767-2169-B8F5-484E-8D183EB62696" value="false"/>
</engineerTo>
<pk>true</pk>
<usedAttributes>
<attributeRef>E78A1E72-854A-6FF9-D6A1-51CF835E34A4</attributeRef>
</usedAttributes>
</identifier>
</identifiers>
</Entity>