<?xml version = '1.0' encoding = 'UTF-8'?>
<Entity class="oracle.dbtools.crest.model.design.logical.Entity" directorySegmentName="seg_0" id="2A83793C-F1F7-1E3D-EF20-0BC0583CD17B" name="CLIENTE">
<createdBy>vero7</createdBy>
<createdTime>2022-01-22 13:22:37 UTC</createdTime>
<ownerDesignName>TRABAJO_EBURY</ownerDesignName>
<engineerTo>
<item key="6FBED767-2169-B8F5-484E-8D183EB62696" value="true"/>
</engineerTo>
<adequatelyNormalized>NO</adequatelyNormalized>
<expectedVolumes>0</expectedVolumes>
<fwdEngineeringStrategyName>Single Table</fwdEngineeringStrategyName>
<growthPercent>0</growthPercent>
<growthType>Year</growthType>
<maxVolumes>9999999</maxVolumes>
<minVolumes>0</minVolumes>
<normalForm>Third</normalForm>
<attributes itemClass="oracle.dbtools.crest.model.design.logical.Attribute">
<Attribute name="Identificador" id="8CE84802-A059-48BB-966A-2E1D043039B1">
<createdBy>vero7</createdBy>
<createdTime>2022-01-22 13:22:45 UTC</createdTime>
<ownerDesignName>TRABAJO_EBURY</ownerDesignName>
<engineerTo>
<item key="6FBED767-2169-B8F5-484E-8D183EB62696" value="true"/>
</engineerTo>
<useDomainConstraints>false</useDomainConstraints>
<use>1</use>
<logicalDatatype>LOGDT011</logicalDatatype>
<ownDataTypeParameters>,,</ownDataTypeParameters>
</Attribute>
<Attribute name="Activo" id="9B209106-3E3E-82F1-0629-D24DED02B986">
<createdBy>vero7</createdBy>
<createdTime>2022-01-22 13:22:58 UTC</createdTime>
<ownerDesignName>TRABAJO_EBURY</ownerDesignName>
<engineerTo>
<item key="6FBED767-2169-B8F5-484E-8D183EB62696" value="true"/>
</engineerTo>
<useDomainConstraints>false</useDomainConstraints>
<use>1</use>
<logicalDatatype>LOGDT006</logicalDatatype>
<dataTypeSize>1</dataTypeSize>
<ownDataTypeParameters>1,,</ownDataTypeParameters>
</Attribute>
<Attribute name="Correo" id="64C2901F-9191-489E-A48C-C7A0F882B491">
<createdBy>vero7</createdBy>
<createdTime>2022-01-24 19:00:05 UTC</createdTime>
<ownerDesignName>TRABAJO_EBURY</ownerDesignName>
<engineerTo>
<item key="6FBED767-2169-B8F5-484E-8D183EB62696" value="true"/>
</engineerTo>
<nullsAllowed>true</nullsAllowed>
<useDomainConstraints>false</useDomainConstraints>
<use>1</use>
<logicalDatatype>LOGDT024</logicalDatatype>
<dataTypeSize>25 CHAR</dataTypeSize>
<ownDataTypeParameters>25 CHAR,,</ownDataTypeParameters>
</Attribute>
<Attribute name="Teléfono" id="9F75A560-08F0-EAB6-9C52-87C8AD345CFD">
<createdBy>vero7</createdBy>
<createdTime>2022-01-24 18:59:23 UTC</createdTime>
<ownerDesignName>TRABAJO_EBURY</ownerDesignName>
<engineerTo>
<item key="6FBED767-2169-B8F5-484E-8D183EB62696" value="true"/>
</engineerTo>
<nullsAllowed>true</nullsAllowed>
<useDomainConstraints>false</useDomainConstraints>
<use>1</use>
<logicalDatatype>LOGDT011</logicalDatatype>
<ownDataTypeParameters>,,</ownDataTypeParameters>
</Attribute>
<Attribute name="Código_postal" id="435CC017-000B-C6EE-A91A-44BFC462C454">
<createdBy>vero7</createdBy>
<createdTime>2022-01-24 18:46:51 UTC</createdTime>
<generatorID>491BCFC0-7171-0821-2E4D-086DBAC3E3B5</generatorID>
<ownerDesignName>TRABAJO_EBURY</ownerDesignName>
<engineerTo>
<item key="6FBED767-2169-B8F5-484E-8D183EB62696" value="true"/>
</engineerTo>
<referedAttribute>E051CF5D-11D1-714B-70CA-3D5E4D827387</referedAttribute>
<useDomainConstraints>false</useDomainConstraints>
<use>1</use>
<logicalDatatype>LOGDT011</logicalDatatype>
<ownDataTypeParameters>,,</ownDataTypeParameters>
</Attribute>
<Attribute name="Fecha_apertura" id="6FE7CAE2-317C-A7FC-6CB2-5B4F64AE3702">
<createdBy>vero7</createdBy>
<createdTime>2022-01-22 13:23:20 UTC</createdTime>
<ownerDesignName>TRABAJO_EBURY</ownerDesignName>
<engineerTo>
<item key="6FBED767-2169-B8F5-484E-8D183EB62696" value="true"/>
</engineerTo>
<nullsAllowed>true</nullsAllowed>
<useDomainConstraints>false</useDomainConstraints>
<use>1</use>
<logicalDatatype>LOGDT007</logicalDatatype>
<ownDataTypeParameters>,,</ownDataTypeParameters>
</Attribute>
<Attribute name="Fecha_cierre" id="20B445A1-FCDB-AA1C-F711-D3436E0BD8E6">
<createdBy>vero7</createdBy>
<createdTime>2022-01-22 13:23:07 UTC</createdTime>
<ownerDesignName>TRABAJO_EBURY</ownerDesignName>
<engineerTo>
<item key="6FBED767-2169-B8F5-484E-8D183EB62696" value="true"/>
</engineerTo>
<nullsAllowed>true</nullsAllowed>
<useDomainConstraints>false</useDomainConstraints>
<use>1</use>
<logicalDatatype>LOGDT007</logicalDatatype>
<ownDataTypeParameters>,,</ownDataTypeParameters>
</Attribute>
</attributes>
<identifiers itemClass="oracle.dbtools.crest.model.design.logical.CandidateKey">
<identifier id="C13BEE0F-162A-08DB-BDB1-3536B5877E8C" name="CLIENTE PK">
<createdBy>vero7</createdBy>
<createdTime>2022-01-22 13:22:55 UTC</createdTime>
<ownerDesignName>TRABAJO_EBURY</ownerDesignName>
<shouldEngineer>false</shouldEngineer>
<engineerTo>
<item key="6FBED767-2169-B8F5-484E-8D183EB62696" value="false"/>
</engineerTo>
<pk>true</pk>
<usedAttributes>
<attributeRef>8CE84802-A059-48BB-966A-2E1D043039B1</attributeRef>
</usedAttributes>
</identifier>
<identifier id="8B3CEFB9-8FF6-C6A7-F75F-A5A535112233" name="Key_2">
<createdBy>vero7</createdBy>
<createdTime>2022-01-24 18:59:41 UTC</createdTime>
<ownerDesignName>TRABAJO_EBURY</ownerDesignName>
<shouldEngineer>false</shouldEngineer>
<engineerTo>
<item key="6FBED767-2169-B8F5-484E-8D183EB62696" value="false"/>
</engineerTo>
<newElementsIDs>9F75A560-08F0-EAB6-9C52-87C8AD345CFD</newElementsIDs>
<usedAttributes>
<attributeRef>9F75A560-08F0-EAB6-9C52-87C8AD345CFD</attributeRef>
</usedAttributes>
</identifier>
<identifier id="0BF08540-EA99-D025-F180-D66EAE4971FB" name="Key_3">
<createdBy>vero7</createdBy>
<createdTime>2022-01-24 19:00:44 UTC</createdTime>
<ownerDesignName>TRABAJO_EBURY</ownerDesignName>
<shouldEngineer>false</shouldEngineer>
<engineerTo>
<item key="6FBED767-2169-B8F5-484E-8D183EB62696" value="false"/>
</engineerTo>
<newElementsIDs>64C2901F-9191-489E-A48C-C7A0F882B491</newElementsIDs>
<usedAttributes>
<attributeRef>64C2901F-9191-489E-A48C-C7A0F882B491</attributeRef>
</usedAttributes>
</identifier>
</identifiers>
</Entity>