<?xml version = '1.0' encoding = 'UTF-8'?>
<Entity class="oracle.dbtools.crest.model.design.logical.Entity" directorySegmentName="seg_0" id="2D9BD626-BF58-C19F-E3C6-28C0B27BF500" name="CUENTA_REFERENCIA">
<createdBy>vero7</createdBy>
<createdTime>2022-01-22 13:56:32 UTC</createdTime>
<ownerDesignName>TRABAJO_EBURY</ownerDesignName>
<engineerTo>
<item key="6FBED767-2169-B8F5-484E-8D183EB62696" value="true"/>
</engineerTo>
<adequatelyNormalized>NO</adequatelyNormalized>
<expectedVolumes>0</expectedVolumes>
<fwdEngineeringStrategyName>Single Table</fwdEngineeringStrategyName>
<growthPercent>0</growthPercent>
<growthType>Year</growthType>
<maxVolumes>9999999</maxVolumes>
<minVolumes>0</minVolumes>
<normalForm>Third</normalForm>
<attributes itemClass="oracle.dbtools.crest.model.design.logical.Attribute">
<Attribute name="IBAN" id="C54934B5-6D46-A0BF-3825-D7EDA3937DC9">
<createdBy>vero7</createdBy>
<createdTime>2022-01-22 13:56:39 UTC</createdTime>
<ownerDesignName>TRABAJO_EBURY</ownerDesignName>
<engineerTo>
<item key="6FBED767-2169-B8F5-484E-8D183EB62696" value="true"/>
</engineerTo>
<useDomainConstraints>false</useDomainConstraints>
<use>1</use>
<logicalDatatype>LOGDT024</logicalDatatype>
<dataTypeSize>34 CHAR</dataTypeSize>
<ownDataTypeParameters>34 CHAR,,</ownDataTypeParameters>
</Attribute>
<Attribute name="Nombre_banco" id="94F385C8-E540-B272-5F44-0FE191B09463">
<createdBy>vero7</createdBy>
<createdTime>2022-01-22 13:59:15 UTC</createdTime>
<generatorID>7736CFCE-45E3-785D-F122-90FEA05AE743</generatorID>
<ownerDesignName>TRABAJO_EBURY</ownerDesignName>
<engineerTo>
<item key="6FBED767-2169-B8F5-484E-8D183EB62696" value="true"/>
</engineerTo>
<referedAttribute>557384DD-036A-EBC8-E09B-9F8DBC484B91</referedAttribute>
<useDomainConstraints>false</useDomainConstraints>
<use>1</use>
<logicalDatatype>LOGDT024</logicalDatatype>
<dataTypeSize>25 CHAR</dataTypeSize>
<ownDataTypeParameters>25 CHAR,,</ownDataTypeParameters>
</Attribute>
</attributes>
<identifiers itemClass="oracle.dbtools.crest.model.design.logical.CandidateKey">
<identifier id="A7132C1F-F5B4-2FEA-5FD4-4793F576FA43" name="CUENTA_REFERENCIA PK">
<createdBy>vero7</createdBy>
<createdTime>2022-01-22 13:57:10 UTC</createdTime>
<ownerDesignName>TRABAJO_EBURY</ownerDesignName>
<shouldEngineer>false</shouldEngineer>
<engineerTo>
<item key="6FBED767-2169-B8F5-484E-8D183EB62696" value="false"/>
</engineerTo>
<pk>true</pk>
<usedAttributes>
<attributeRef>C54934B5-6D46-A0BF-3825-D7EDA3937DC9</attributeRef>
</usedAttributes>
</identifier>
</identifiers>
</Entity>