<?xml version = '1.0' encoding = 'UTF-8'?>
<Entity class="oracle.dbtools.crest.model.design.logical.Entity" directorySegmentName="seg_0" id="5878249F-AB7D-D3A4-0B8F-B021F1A5DFE3" name="SALDO">
<createdBy>vero7</createdBy>
<createdTime>2022-01-22 13:43:22 UTC</createdTime>
<ownerDesignName>TRABAJO_EBURY</ownerDesignName>
<engineerTo>
<item key="6FBED767-2169-B8F5-484E-8D183EB62696" value="true"/>
</engineerTo>
<adequatelyNormalized>NO</adequatelyNormalized>
<expectedVolumes>0</expectedVolumes>
<fwdEngineeringStrategyName>Single Table</fwdEngineeringStrategyName>
<growthPercent>0</growthPercent>
<growthType>Year</growthType>
<maxVolumes>9999999</maxVolumes>
<minVolumes>0</minVolumes>
<normalForm>Third</normalForm>
<attributes itemClass="oracle.dbtools.crest.model.design.logical.Attribute">
<Attribute name="Cantidad" id="D566E1C3-F870-36FD-735C-B03C3306F76D">
<createdBy>vero7</createdBy>
<createdTime>2022-01-22 13:43:27 UTC</createdTime>
<ownerDesignName>TRABAJO_EBURY</ownerDesignName>
<engineerTo>
<item key="6FBED767-2169-B8F5-484E-8D183EB62696" value="true"/>
</engineerTo>
<useDomainConstraints>false</useDomainConstraints>
<use>1</use>
<logicalDatatype>LOGDT026</logicalDatatype>
<dataTypeScale>3</dataTypeScale>
<ownDataTypeParameters>,,3</ownDataTypeParameters>
</Attribute>
<Attribute name="Número_cuenta" id="39751EFE-5C09-A870-F4C6-391E8C094FA1">
<createdBy>vero7</createdBy>
<createdTime>2022-01-22 13:53:54 UTC</createdTime>
<generatorID>0F46CDA2-5603-C95A-4AAE-2DA101233A09</generatorID>
<ownerDesignName>TRABAJO_EBURY</ownerDesignName>
<engineerTo>
<item key="6FBED767-2169-B8F5-484E-8D183EB62696" value="true"/>
</engineerTo>
<referedAttribute>217ABDDC-B14F-6CFE-1922-57CB6309FD1C</referedAttribute>
<useDomainConstraints>false</useDomainConstraints>
<use>1</use>
<logicalDatatype>LOGDT011</logicalDatatype>
<ownDataTypeParameters>,,</ownDataTypeParameters>
</Attribute>
<Attribute name="Nombre_divisa" id="42EEEE88-FB1E-C537-8359-7C129EA896AE">
<createdBy>vero7</createdBy>
<createdTime>2022-01-22 13:54:27 UTC</createdTime>
<generatorID>6927D105-9D5A-8DAD-D5EF-BA58246FF73A</generatorID>
<ownerDesignName>TRABAJO_EBURY</ownerDesignName>
<engineerTo>
<item key="6FBED767-2169-B8F5-484E-8D183EB62696" value="true"/>
</engineerTo>
<referedAttribute>69B72C1F-3270-4D38-6DDE-441B95ED4BFD</referedAttribute>
<useDomainConstraints>false</useDomainConstraints>
<use>1</use>
<logicalDatatype>LOGDT024</logicalDatatype>
<dataTypeSize>25 CHAR</dataTypeSize>
<ownDataTypeParameters>25 CHAR,,</ownDataTypeParameters>
</Attribute>
</attributes>
<identifiers itemClass="oracle.dbtools.crest.model.design.logical.CandidateKey">
<identifier id="83F305F2-BDEE-C303-B1BC-B0210B0A6E63" name="SALDO PK">
<createdBy>vero7</createdBy>
<createdTime>2022-01-22 13:53:54 UTC</createdTime>
<ownerDesignName>TRABAJO_EBURY</ownerDesignName>
<shouldEngineer>false</shouldEngineer>
<engineerTo>
<item key="6FBED767-2169-B8F5-484E-8D183EB62696" value="false"/>
</engineerTo>
<pk>true</pk>
<usedAttributes>
<attributeRef>39751EFE-5C09-A870-F4C6-391E8C094FA1</attributeRef>
<attributeRef>42EEEE88-FB1E-C537-8359-7C129EA896AE</attributeRef>
</usedAttributes>
</identifier>
</identifiers>
</Entity>