<?xml version = '1.0' encoding = 'UTF-8'?>
<Entity class="oracle.dbtools.crest.model.design.logical.Entity" directorySegmentName="seg_0" id="76C334FA-6A8F-1384-7ACD-2FE26CAF1F60" name="DATOS">
<createdBy>vero7</createdBy>
<createdTime>2022-01-22 13:33:01 UTC</createdTime>
<ownerDesignName>TRABAJO_EBURY</ownerDesignName>
<engineerTo>
<item key="6FBED767-2169-B8F5-484E-8D183EB62696" value="true"/>
</engineerTo>
<adequatelyNormalized>NO</adequatelyNormalized>
<expectedVolumes>0</expectedVolumes>
<fwdEngineeringStrategyName>Single Table</fwdEngineeringStrategyName>
<growthPercent>0</growthPercent>
<growthType>Year</growthType>
<maxVolumes>9999999</maxVolumes>
<minVolumes>0</minVolumes>
<normalForm>Third</normalForm>
<attributes itemClass="oracle.dbtools.crest.model.design.logical.Attribute">
<Attribute name="Tipo_autorizacion" id="AC8CFADA-33A2-EB2C-DA10-39238E8A26EA">
<createdBy>vero7</createdBy>
<createdTime>2022-01-22 13:33:23 UTC</createdTime>
<ownerDesignName>TRABAJO_EBURY</ownerDesignName>
<engineerTo>
<item key="6FBED767-2169-B8F5-484E-8D183EB62696" value="true"/>
</engineerTo>
<useDomainConstraints>false</useDomainConstraints>
<use>1</use>
<logicalDatatype>LOGDT011</logicalDatatype>
<ownDataTypeParameters>,,</ownDataTypeParameters>
</Attribute>
<Attribute name="Identificador" id="F305EEBF-5E26-BF50-6D11-E6415ED90142">
<createdBy>vero7</createdBy>
<createdTime>2022-01-22 13:36:05 UTC</createdTime>
<generatorID>891EB90D-C2F4-1DE3-7CBC-68E1C0EFD63C</generatorID>
<ownerDesignName>TRABAJO_EBURY</ownerDesignName>
<engineerTo>
<item key="6FBED767-2169-B8F5-484E-8D183EB62696" value="true"/>
</engineerTo>
<referedAttribute>8CE84802-A059-48BB-966A-2E1D043039B1</referedAttribute>
<useDomainConstraints>false</useDomainConstraints>
<use>1</use>
<logicalDatatype>LOGDT011</logicalDatatype>
<ownDataTypeParameters>,,</ownDataTypeParameters>
</Attribute>
<Attribute name="DNI" id="5B03EEAA-9878-5A08-95B0-1E80AA311E7B">
<createdBy>vero7</createdBy>
<createdTime>2022-01-22 13:36:21 UTC</createdTime>
<generatorID>AA8ECA0A-41C4-D077-8716-65CF31012465</generatorID>
<ownerDesignName>TRABAJO_EBURY</ownerDesignName>
<engineerTo>
<item key="6FBED767-2169-B8F5-484E-8D183EB62696" value="true"/>
</engineerTo>
<referedAttribute>E78A1E72-854A-6FF9-D6A1-51CF835E34A4</referedAttribute>
<useDomainConstraints>false</useDomainConstraints>
<use>1</use>
<logicalDatatype>LOGDT024</logicalDatatype>
<dataTypeSize>9 CHAR</dataTypeSize>
<ownDataTypeParameters>9 CHAR,,</ownDataTypeParameters>
</Attribute>
</attributes>
<identifiers itemClass="oracle.dbtools.crest.model.design.logical.CandidateKey">
<identifier id="A76D7037-5E44-E4F6-A5F2-2CA1DB651B4B" name="DATOS PK">
<createdBy>vero7</createdBy>
<createdTime>2022-01-22 13:33:32 UTC</createdTime>
<ownerDesignName>TRABAJO_EBURY</ownerDesignName>
<shouldEngineer>false</shouldEngineer>
<engineerTo>
<item key="6FBED767-2169-B8F5-484E-8D183EB62696" value="false"/>
</engineerTo>
<pk>true</pk>
<usedAttributes>
<attributeRef>AC8CFADA-33A2-EB2C-DA10-39238E8A26EA</attributeRef>
<attributeRef>F305EEBF-5E26-BF50-6D11-E6415ED90142</attributeRef>
<attributeRef>5B03EEAA-9878-5A08-95B0-1E80AA311E7B</attributeRef>
</usedAttributes>
</identifier>
</identifiers>
</Entity>