<?xml version = '1.0' encoding = 'UTF-8'?>
<Entity class="oracle.dbtools.crest.model.design.logical.Entity" directorySegmentName="seg_0" id="A184F535-B77C-04D0-6A4D-B77C982E6244" name="EMPRESA">
<createdBy>vero7</createdBy>
<createdTime>2022-01-22 13:23:38 UTC</createdTime>
<ownerDesignName>TRABAJO_EBURY</ownerDesignName>
<engineerTo>
<item key="6FBED767-2169-B8F5-484E-8D183EB62696" value="true"/>
</engineerTo>
<adequatelyNormalized>NO</adequatelyNormalized>
<expectedVolumes>0</expectedVolumes>
<fwdEngineeringStrategyName>Single Table</fwdEngineeringStrategyName>
<growthPercent>0</growthPercent>
<growthType>Year</growthType>
<hierarchicalParent>2A83793C-F1F7-1E3D-EF20-0BC0583CD17B</hierarchicalParent>
<maxVolumes>9999999</maxVolumes>
<minVolumes>0</minVolumes>
<normalForm>Third</normalForm>
<attributes itemClass="oracle.dbtools.crest.model.design.logical.Attribute">
<Attribute name="Nombre" id="BCEB34F0-A1AC-356B-37DE-D0FBE52F9347">
<createdBy>vero7</createdBy>
<createdTime>2022-01-22 13:23:44 UTC</createdTime>
<ownerDesignName>TRABAJO_EBURY</ownerDesignName>
<engineerTo>
<item key="6FBED767-2169-B8F5-484E-8D183EB62696" value="true"/>
</engineerTo>
<nullsAllowed>true</nullsAllowed>
<useDomainConstraints>false</useDomainConstraints>
<use>1</use>
<logicalDatatype>LOGDT011</logicalDatatype>
<ownDataTypeParameters>,,</ownDataTypeParameters>
</Attribute>
<Attribute name="Razon_social" id="BC1FD1FA-1D55-2DC9-D54C-BFE1BE49D117">
<createdBy>vero7</createdBy>
<createdTime>2022-01-22 13:23:59 UTC</createdTime>
<ownerDesignName>TRABAJO_EBURY</ownerDesignName>
<engineerTo>
<item key="6FBED767-2169-B8F5-484E-8D183EB62696" value="true"/>
</engineerTo>
<useDomainConstraints>false</useDomainConstraints>
<use>1</use>
<logicalDatatype>LOGDT024</logicalDatatype>
<dataTypeSize>25 CHAR</dataTypeSize>
<ownDataTypeParameters>25 CHAR,,</ownDataTypeParameters>
</Attribute>
<Attribute name="NIF" id="563D4D58-9F4A-FB5A-B7C1-D464E735ABCD">
<createdBy>vero7</createdBy>
<createdTime>2022-01-22 13:24:18 UTC</createdTime>
<ownerDesignName>TRABAJO_EBURY</ownerDesignName>
<engineerTo>
<item key="6FBED767-2169-B8F5-484E-8D183EB62696" value="true"/>
</engineerTo>
<nullsAllowed>true</nullsAllowed>
<useDomainConstraints>false</useDomainConstraints>
<use>1</use>
<logicalDatatype>LOGDT024</logicalDatatype>
<dataTypeSize>25 CHAR</dataTypeSize>
<ownDataTypeParameters>25 CHAR,,</ownDataTypeParameters>
</Attribute>
<Attribute name="Pagina_web" id="4EEF1E9B-DD62-6715-1E78-F674ED4369A1">
<createdBy>vero7</createdBy>
<createdTime>2022-01-22 13:24:40 UTC</createdTime>
<ownerDesignName>TRABAJO_EBURY</ownerDesignName>
<engineerTo>
<item key="6FBED767-2169-B8F5-484E-8D183EB62696" value="true"/>
</engineerTo>
<nullsAllowed>true</nullsAllowed>
<useDomainConstraints>false</useDomainConstraints>
<use>1</use>
<logicalDatatype>LOGDT024</logicalDatatype>
<dataTypeSize>25 CHAR</dataTypeSize>
<ownDataTypeParameters>25 CHAR,,</ownDataTypeParameters>
</Attribute>
</attributes>
<identifiers itemClass="oracle.dbtools.crest.model.design.logical.CandidateKey">
<identifier id="9FE40ECE-EA0E-0327-3FC9-9AC8D6E810DB" name="Key_1">
<createdBy>vero7</createdBy>
<createdTime>2022-01-22 13:26:56 UTC</createdTime>
<ownerDesignName>TRABAJO_EBURY</ownerDesignName>
<shouldEngineer>false</shouldEngineer>
<engineerTo>
<item key="6FBED767-2169-B8F5-484E-8D183EB62696" value="false"/>
</engineerTo>
<newElementsIDs>BCEB34F0-A1AC-356B-37DE-D0FBE52F9347</newElementsIDs>
<usedAttributes>
<attributeRef>BCEB34F0-A1AC-356B-37DE-D0FBE52F9347</attributeRef>
</usedAttributes>
</identifier>
<identifier id="1B190AE0-6CA1-7D41-A68F-BB8015A62BB6" name="Key_2">
<createdBy>vero7</createdBy>
<createdTime>2022-01-22 13:27:15 UTC</createdTime>
<ownerDesignName>TRABAJO_EBURY</ownerDesignName>
<shouldEngineer>false</shouldEngineer>
<engineerTo>
<item key="6FBED767-2169-B8F5-484E-8D183EB62696" value="false"/>
</engineerTo>
<newElementsIDs>563D4D58-9F4A-FB5A-B7C1-D464E735ABCD</newElementsIDs>
<usedAttributes>
<attributeRef>563D4D58-9F4A-FB5A-B7C1-D464E735ABCD</attributeRef>
</usedAttributes>
</identifier>
<identifier id="7720913F-CD7F-07B7-AB64-5F841A13FCD1" name="Key_3">
<createdBy>vero7</createdBy>
<createdTime>2022-01-22 13:27:26 UTC</createdTime>
<ownerDesignName>TRABAJO_EBURY</ownerDesignName>
<shouldEngineer>false</shouldEngineer>
<engineerTo>
<item key="6FBED767-2169-B8F5-484E-8D183EB62696" value="false"/>
</engineerTo>
<newElementsIDs>4EEF1E9B-DD62-6715-1E78-F674ED4369A1</newElementsIDs>
<usedAttributes>
<attributeRef>4EEF1E9B-DD62-6715-1E78-F674ED4369A1</attributeRef>
</usedAttributes>
</identifier>
</identifiers>
</Entity>