<?xml version = '1.0' encoding = 'UTF-8'?>
<Entity class="oracle.dbtools.crest.model.design.logical.Entity" directorySegmentName="seg_0" id="C403FB07-41F7-7FB6-1F07-78CF3AF72800" name="CUENTA_EXTERNA">
<createdBy>vero7</createdBy>
<createdTime>2022-01-22 13:48:54 UTC</createdTime>
<ownerDesignName>TRABAJO_EBURY</ownerDesignName>
<engineerTo>
<item key="6FBED767-2169-B8F5-484E-8D183EB62696" value="true"/>
</engineerTo>
<adequatelyNormalized>NO</adequatelyNormalized>
<expectedVolumes>0</expectedVolumes>
<fwdEngineeringStrategyName>Single Table</fwdEngineeringStrategyName>
<growthPercent>0</growthPercent>
<growthType>Year</growthType>
<maxVolumes>9999999</maxVolumes>
<minVolumes>0</minVolumes>
<normalForm>Third</normalForm>
<attributes itemClass="oracle.dbtools.crest.model.design.logical.Attribute">
<Attribute name="IBAN" id="F99AEF83-5C22-372A-657A-9EC310F202CB">
<createdBy>vero7</createdBy>
<createdTime>2022-01-22 13:49:05 UTC</createdTime>
<ownerDesignName>TRABAJO_EBURY</ownerDesignName>
<engineerTo>
<item key="6FBED767-2169-B8F5-484E-8D183EB62696" value="true"/>
</engineerTo>
<useDomainConstraints>false</useDomainConstraints>
<use>1</use>
<logicalDatatype>LOGDT024</logicalDatatype>
<dataTypeSize>34 CHAR</dataTypeSize>
<ownDataTypeParameters>34 CHAR,,</ownDataTypeParameters>
</Attribute>
<Attribute name="SWIFT" id="C0A56DE9-0D4A-C0EE-A72D-1C4D06A6F114">
<createdBy>vero7</createdBy>
<createdTime>2022-01-22 13:49:35 UTC</createdTime>
<ownerDesignName>TRABAJO_EBURY</ownerDesignName>
<engineerTo>
<item key="6FBED767-2169-B8F5-484E-8D183EB62696" value="true"/>
</engineerTo>
<nullsAllowed>true</nullsAllowed>
<useDomainConstraints>false</useDomainConstraints>
<use>1</use>
<logicalDatatype>LOGDT024</logicalDatatype>
<dataTypeSize>11 CHAR</dataTypeSize>
<ownDataTypeParameters>11 CHAR,,</ownDataTypeParameters>
</Attribute>
<Attribute name="Beneficiario" id="8E13F4EE-D1A8-A23A-0176-47BABB45DFA1">
<createdBy>vero7</createdBy>
<createdTime>2022-01-22 13:50:30 UTC</createdTime>
<ownerDesignName>TRABAJO_EBURY</ownerDesignName>
<engineerTo>
<item key="6FBED767-2169-B8F5-484E-8D183EB62696" value="true"/>
</engineerTo>
<nullsAllowed>true</nullsAllowed>
<useDomainConstraints>false</useDomainConstraints>
<use>1</use>
<logicalDatatype>LOGDT024</logicalDatatype>
<dataTypeSize>35 CHAR</dataTypeSize>
<ownDataTypeParameters>35 CHAR,,</ownDataTypeParameters>
</Attribute>
</attributes>
<identifiers itemClass="oracle.dbtools.crest.model.design.logical.CandidateKey">
<identifier id="FD639C22-2A88-5968-146E-65AB09843AA3" name="CUENTA_EXTERNA PK">
<createdBy>vero7</createdBy>
<createdTime>2022-01-22 13:49:32 UTC</createdTime>
<ownerDesignName>TRABAJO_EBURY</ownerDesignName>
<shouldEngineer>false</shouldEngineer>
<engineerTo>
<item key="6FBED767-2169-B8F5-484E-8D183EB62696" value="false"/>
</engineerTo>
<pk>true</pk>
<usedAttributes>
<attributeRef>F99AEF83-5C22-372A-657A-9EC310F202CB</attributeRef>
</usedAttributes>
</identifier>
</identifiers>
</Entity>