<?xml version = '1.0' encoding = 'UTF-8'?>
<Entity class="oracle.dbtools.crest.model.design.logical.Entity" directorySegmentName="seg_0" id="F5BA9456-3D17-4FFA-29E6-37932927E635" name="DIVISA">
<createdBy>vero7</createdBy>
<createdTime>2022-01-22 13:39:44 UTC</createdTime>
<ownerDesignName>TRABAJO_EBURY</ownerDesignName>
<engineerTo>
<item key="6FBED767-2169-B8F5-484E-8D183EB62696" value="true"/>
</engineerTo>
<adequatelyNormalized>NO</adequatelyNormalized>
<expectedVolumes>0</expectedVolumes>
<fwdEngineeringStrategyName>Single Table</fwdEngineeringStrategyName>
<growthPercent>0</growthPercent>
<growthType>Year</growthType>
<maxVolumes>9999999</maxVolumes>
<minVolumes>0</minVolumes>
<normalForm>Third</normalForm>
<attributes itemClass="oracle.dbtools.crest.model.design.logical.Attribute">
<Attribute name="Nombre_divisa" id="69B72C1F-3270-4D38-6DDE-441B95ED4BFD">
<createdBy>vero7</createdBy>
<createdTime>2022-01-22 13:39:52 UTC</createdTime>
<ownerDesignName>TRABAJO_EBURY</ownerDesignName>
<engineerTo>
<item key="6FBED767-2169-B8F5-484E-8D183EB62696" value="true"/>
</engineerTo>
<useDomainConstraints>false</useDomainConstraints>
<use>1</use>
<logicalDatatype>LOGDT024</logicalDatatype>
<dataTypeSize>25 CHAR</dataTypeSize>
<ownDataTypeParameters>25 CHAR,,</ownDataTypeParameters>
</Attribute>
<Attribute name="Abreviatura" id="CA364A6E-95F5-3221-C163-0608C22072E3">
<createdBy>vero7</createdBy>
<createdTime>2022-01-22 13:40:17 UTC</createdTime>
<ownerDesignName>TRABAJO_EBURY</ownerDesignName>
<engineerTo>
<item key="6FBED767-2169-B8F5-484E-8D183EB62696" value="true"/>
</engineerTo>
<useDomainConstraints>false</useDomainConstraints>
<use>1</use>
<logicalDatatype>LOGDT024</logicalDatatype>
<dataTypeSize>25 CHAR</dataTypeSize>
<ownDataTypeParameters>25 CHAR,,</ownDataTypeParameters>
</Attribute>
<Attribute name="Símbolo" id="42A1DAD0-21A5-300A-F5C5-62A85F34EDA4">
<createdBy>vero7</createdBy>
<createdTime>2022-01-22 13:40:05 UTC</createdTime>
<ownerDesignName>TRABAJO_EBURY</ownerDesignName>
<engineerTo>
<item key="6FBED767-2169-B8F5-484E-8D183EB62696" value="true"/>
</engineerTo>
<useDomainConstraints>false</useDomainConstraints>
<use>1</use>
<logicalDatatype>LOGDT024</logicalDatatype>
<dataTypeSize>25 CHAR</dataTypeSize>
<ownDataTypeParameters>25 CHAR,,</ownDataTypeParameters>
</Attribute>
<Attribute name="Tipo_cambio_dolar" id="490CA92F-8F52-AB19-ED85-9B73609E506D">
<createdBy>vero7</createdBy>
<createdTime>2022-01-22 13:40:34 UTC</createdTime>
<ownerDesignName>TRABAJO_EBURY</ownerDesignName>
<engineerTo>
<item key="6FBED767-2169-B8F5-484E-8D183EB62696" value="true"/>
</engineerTo>
<useDomainConstraints>false</useDomainConstraints>
<use>1</use>
<logicalDatatype>LOGDT026</logicalDatatype>
<dataTypeScale>3</dataTypeScale>
<ownDataTypeParameters>,,3</ownDataTypeParameters>
</Attribute>
</attributes>
<identifiers itemClass="oracle.dbtools.crest.model.design.logical.CandidateKey">
<identifier id="7A974DBD-088F-F11B-327B-1073E8CCADB6" name="DIVISA PK">
<createdBy>vero7</createdBy>
<createdTime>2022-01-22 13:40:02 UTC</createdTime>
<ownerDesignName>TRABAJO_EBURY</ownerDesignName>
<shouldEngineer>false</shouldEngineer>
<engineerTo>
<item key="6FBED767-2169-B8F5-484E-8D183EB62696" value="false"/>
</engineerTo>
<pk>true</pk>
<usedAttributes>
<attributeRef>69B72C1F-3270-4D38-6DDE-441B95ED4BFD</attributeRef>
</usedAttributes>
</identifier>
<identifier id="12601AF3-F925-D023-EB5B-3F8F22F3AD1E" name="Key_2">
<createdBy>vero7</createdBy>
<createdTime>2022-01-22 13:42:16 UTC</createdTime>
<ownerDesignName>TRABAJO_EBURY</ownerDesignName>
<shouldEngineer>false</shouldEngineer>
<engineerTo>
<item key="6FBED767-2169-B8F5-484E-8D183EB62696" value="false"/>
</engineerTo>
<newElementsIDs>42A1DAD0-21A5-300A-F5C5-62A85F34EDA4</newElementsIDs>
<usedAttributes>
<attributeRef>42A1DAD0-21A5-300A-F5C5-62A85F34EDA4</attributeRef>
</usedAttributes>
</identifier>
<identifier id="BF66B8A9-AF28-1925-9506-20AF470F27D1" name="Key_3">
<createdBy>vero7</createdBy>
<createdTime>2022-01-22 13:42:23 UTC</createdTime>
<ownerDesignName>TRABAJO_EBURY</ownerDesignName>
<shouldEngineer>false</shouldEngineer>
<engineerTo>
<item key="6FBED767-2169-B8F5-484E-8D183EB62696" value="false"/>
</engineerTo>
<newElementsIDs>CA364A6E-95F5-3221-C163-0608C22072E3</newElementsIDs>
<usedAttributes>
<attributeRef>CA364A6E-95F5-3221-C163-0608C22072E3</attributeRef>
</usedAttributes>
</identifier>
</identifiers>
</Entity>