<?xml version = '1.0' encoding = 'UTF-8'?>
<Entity class="oracle.dbtools.crest.model.design.logical.Entity" directorySegmentName="seg_0" id="FEF28FA8-3903-D84B-A511-F73363976957" name="EXTERNA">
<createdBy>vero7</createdBy>
<createdTime>2022-01-22 13:48:15 UTC</createdTime>
<ownerDesignName>TRABAJO_EBURY</ownerDesignName>
<engineerTo>
<item key="6FBED767-2169-B8F5-484E-8D183EB62696" value="true"/>
</engineerTo>
<adequatelyNormalized>NO</adequatelyNormalized>
<expectedVolumes>0</expectedVolumes>
<fwdEngineeringStrategyName>Single Table</fwdEngineeringStrategyName>
<growthPercent>0</growthPercent>
<growthType>Year</growthType>
<hierarchicalParent>49441655-71C0-9E97-E19D-2FC5D5B98F53</hierarchicalParent>
<maxVolumes>9999999</maxVolumes>
<minVolumes>0</minVolumes>
<normalForm>Third</normalForm>
<attributes itemClass="oracle.dbtools.crest.model.design.logical.Attribute">
<Attribute name="IBAN" id="A40450A5-B77A-3A63-569D-691DB56249B6">
<createdBy>vero7</createdBy>
<createdTime>2022-01-22 13:51:05 UTC</createdTime>
<generatorID>144F87DE-C529-B373-7742-2353D07463E2</generatorID>
<ownerDesignName>TRABAJO_EBURY</ownerDesignName>
<engineerTo>
<item key="6FBED767-2169-B8F5-484E-8D183EB62696" value="true"/>
</engineerTo>
<referedAttribute>F99AEF83-5C22-372A-657A-9EC310F202CB</referedAttribute>
<useDomainConstraints>false</useDomainConstraints>
<use>1</use>
<logicalDatatype>LOGDT024</logicalDatatype>
<dataTypeSize>34 CHAR</dataTypeSize>
<ownDataTypeParameters>34 CHAR,,</ownDataTypeParameters>
</Attribute>
</attributes>
</Entity>