<?xml version = '1.0' encoding = 'UTF-8'?>
<Relation class="oracle.dbtools.crest.model.design.logical.Relation" name="CE_TR" directorySegmentName="seg_0" id="0C1D9388-1058-4CA7-CEC4-198B72475DD4">
<createdBy>vero7</createdBy>
<createdTime>2022-01-22 13:55:11 UTC</createdTime>
<ownerDesignName>TRABAJO_EBURY</ownerDesignName>
<engineerTo>
<item key="6FBED767-2169-B8F5-484E-8D183EB62696" value="true"/>
</engineerTo>
<sourcePk>76992E55-ADF7-4CC6-5989-6C7D54DC1D4C</sourcePk>
<identifying>false</identifying>
<nameOnSource>Realiza </nameOnSource>
<nameOnTarget> </nameOnTarget>
<optionalSource>true</optionalSource>
<optionalTarget>false</optionalTarget>
<sourceCardinality>1</sourceCardinality>
<sourceEntity>6331D7F5-8232-221F-11D4-37B1942FB190</sourceEntity>
<targetCardinalityString>*</targetCardinalityString>
<targetEntity>49441655-71C0-9E97-E19D-2FC5D5B98F53</targetEntity>
<transferable>true</transferable>
<deleteRule>NO ACTION</deleteRule>
</Relation>