<?xml version = '1.0' encoding = 'UTF-8'?>
<Relation class="oracle.dbtools.crest.model.design.logical.Relation" name="CE_SALDO" directorySegmentName="seg_0" id="0F46CDA2-5603-C95A-4AAE-2DA101233A09">
<createdBy>vero7</createdBy>
<createdTime>2022-01-22 13:53:54 UTC</createdTime>
<ownerDesignName>TRABAJO_EBURY</ownerDesignName>
<engineerTo>
<item key="6FBED767-2169-B8F5-484E-8D183EB62696" value="true"/>
</engineerTo>
<sourcePk>76992E55-ADF7-4CC6-5989-6C7D54DC1D4C</sourcePk>
<identifying>true</identifying>
<optionalSource>true</optionalSource>
<optionalTarget>false</optionalTarget>
<sourceCardinality>1</sourceCardinality>
<sourceEntity>6331D7F5-8232-221F-11D4-37B1942FB190</sourceEntity>
<targetCardinalityString>*</targetCardinalityString>
<targetEntity>5878249F-AB7D-D3A4-0B8F-B021F1A5DFE3</targetEntity>
<transferable>true</transferable>
<deleteRule>NO ACTION</deleteRule>
</Relation>