<?xml version = '1.0' encoding = 'UTF-8'?>
<Relation class="oracle.dbtools.crest.model.design.logical.Relation" name="EXT_CEXT" directorySegmentName="seg_0" id="144F87DE-C529-B373-7742-2353D07463E2">
<createdBy>vero7</createdBy>
<createdTime>2022-01-22 13:51:05 UTC</createdTime>
<ownerDesignName>TRABAJO_EBURY</ownerDesignName>
<engineerTo>
<item key="6FBED767-2169-B8F5-484E-8D183EB62696" value="true"/>
</engineerTo>
<sourcePk>FD639C22-2A88-5968-146E-65AB09843AA3</sourcePk>
<identifying>false</identifying>
<nameOnSource>  </nameOnSource>
<nameOnTarget>Destino </nameOnTarget>
<optionalSource>true</optionalSource>
<optionalTarget>false</optionalTarget>
<sourceCardinality>1</sourceCardinality>
<sourceEntity>C403FB07-41F7-7FB6-1F07-78CF3AF72800</sourceEntity>
<targetCardinalityString>*</targetCardinalityString>
<targetEntity>FEF28FA8-3903-D84B-A511-F73363976957</targetEntity>
<transferable>true</transferable>
<deleteRule>NO ACTION</deleteRule>
</Relation>