<?xml version = '1.0' encoding = 'UTF-8'?>
<Relation class="oracle.dbtools.crest.model.design.logical.Relation" name="CR_CAC" directorySegmentName="seg_0" id="28AC5767-D5E9-8E2E-13C6-EEF3B1928417">
<createdBy>vero7</createdBy>
<createdTime>2022-01-22 13:57:21 UTC</createdTime>
<ownerDesignName>TRABAJO_EBURY</ownerDesignName>
<engineerTo>
<item key="6FBED767-2169-B8F5-484E-8D183EB62696" value="true"/>
</engineerTo>
<targetPk>A7132C1F-F5B4-2FEA-5FD4-4793F576FA43</targetPk>
<identifying>false</identifying>
<nameOnSource> </nameOnSource>
<nameOnTarget>Asociado a </nameOnTarget>
<optionalSource>false</optionalSource>
<optionalTarget>true</optionalTarget>
<sourceCardinality>1</sourceCardinality>
<sourceEntity>F5B7FBE9-944E-5E5D-D0E9-8485AC002E80</sourceEntity>
<targetCardinalityString>1</targetCardinalityString>
<targetEntity>2D9BD626-BF58-C19F-E3C6-28C0B27BF500</targetEntity>
<transferable>true</transferable>
<deleteRule>NO ACTION</deleteRule>
</Relation>