<?xml version = '1.0' encoding = 'UTF-8'?>
<Relation class="oracle.dbtools.crest.model.design.logical.Relation" name="PA_DIR" directorySegmentName="seg_0" id="4705F197-13C4-33F2-D93A-168AD7A73B9D">
<createdBy>vero7</createdBy>
<createdTime>2022-01-24 18:49:39 UTC</createdTime>
<ownerDesignName>TRABAJO_EBURY</ownerDesignName>
<engineerTo>
<item key="6FBED767-2169-B8F5-484E-8D183EB62696" value="true"/>
</engineerTo>
<sourcePk>9F620FD1-1DC3-D65D-3F7B-A66281B10317</sourcePk>
<targetPk>60EBDCD4-22DA-F8C3-B6B2-D83C60AABCF7</targetPk>
<identifying>false</identifying>
<nameOnSource>Tiene </nameOnSource>
<nameOnTarget> </nameOnTarget>
<optionalSource>false</optionalSource>
<optionalTarget>true</optionalTarget>
<sourceCardinality>*</sourceCardinality>
<sourceEntity>05B822F3-3334-76A5-7B44-4D292BDB4F71</sourceEntity>
<targetCardinalityString>1</targetCardinalityString>
<targetEntity>D0FD0A5E-FE59-DE9A-CFAA-10A8D97E64CD</targetEntity>
<transferable>true</transferable>
<deleteRule>NO ACTION</deleteRule>
</Relation>