<?xml version = '1.0' encoding = 'UTF-8'?>
<Relation class="oracle.dbtools.crest.model.design.logical.Relation" name="CL_DIR" directorySegmentName="seg_0" id="491BCFC0-7171-0821-2E4D-086DBAC3E3B5">
<createdBy>vero7</createdBy>
<createdTime>2022-01-22 13:35:16 UTC</createdTime>
<ownerDesignName>TRABAJO_EBURY</ownerDesignName>
<engineerTo>
<item key="6FBED767-2169-B8F5-484E-8D183EB62696" value="true"/>
</engineerTo>
<sourcePk>C13BEE0F-162A-08DB-BDB1-3536B5877E8C</sourcePk>
<targetPk>60EBDCD4-22DA-F8C3-B6B2-D83C60AABCF7</targetPk>
<identifying>false</identifying>
<nameOnSource>Tiene </nameOnSource>
<nameOnTarget>  </nameOnTarget>
<optionalSource>false</optionalSource>
<optionalTarget>true</optionalTarget>
<sourceCardinality>*</sourceCardinality>
<sourceEntity>2A83793C-F1F7-1E3D-EF20-0BC0583CD17B</sourceEntity>
<targetCardinalityString>1</targetCardinalityString>
<targetEntity>D0FD0A5E-FE59-DE9A-CFAA-10A8D97E64CD</targetEntity>
<transferable>true</transferable>
<deleteRule>NO ACTION</deleteRule>
</Relation>