<?xml version = '1.0' encoding = 'UTF-8'?>
<Relation class="oracle.dbtools.crest.model.design.logical.Relation" name="SALDO_DIVISA" directorySegmentName="seg_0" id="6927D105-9D5A-8DAD-D5EF-BA58246FF73A">
<createdBy>vero7</createdBy>
<createdTime>2022-01-22 13:54:12 UTC</createdTime>
<ownerDesignName>TRABAJO_EBURY</ownerDesignName>
<engineerTo>
<item key="6FBED767-2169-B8F5-484E-8D183EB62696" value="true"/>
</engineerTo>
<sourcePk>83F305F2-BDEE-C303-B1BC-B0210B0A6E63</sourcePk>
<targetPk>7A974DBD-088F-F11B-327B-1073E8CCADB6</targetPk>
<identifying>true</identifying>
<optionalSource>false</optionalSource>
<optionalTarget>true</optionalTarget>
<sourceCardinality>*</sourceCardinality>
<sourceEntity>5878249F-AB7D-D3A4-0B8F-B021F1A5DFE3</sourceEntity>
<targetCardinalityString>1</targetCardinalityString>
<targetEntity>F5BA9456-3D17-4FFA-29E6-37932927E635</targetEntity>
<transferable>true</transferable>
<deleteRule>NO ACTION</deleteRule>
</Relation>