<?xml version = '1.0' encoding = 'UTF-8'?>
<Relation class="oracle.dbtools.crest.model.design.logical.Relation" name="CR_BANCO" directorySegmentName="seg_0" id="7736CFCE-45E3-785D-F122-90FEA05AE743">
<createdBy>vero7</createdBy>
<createdTime>2022-01-22 13:59:15 UTC</createdTime>
<ownerDesignName>TRABAJO_EBURY</ownerDesignName>
<engineerTo>
<item key="6FBED767-2169-B8F5-484E-8D183EB62696" value="true"/>
</engineerTo>
<sourcePk>B3241F11-6E1B-EFE8-A3B4-44E8D09EABC9</sourcePk>
<identifying>false</identifying>
<nameOnSource>Pertenece </nameOnSource>
<nameOnTarget> </nameOnTarget>
<optionalSource>true</optionalSource>
<optionalTarget>false</optionalTarget>
<sourceCardinality>1</sourceCardinality>
<sourceEntity>514AE54B-2079-3824-4FF6-ABAE99A81E67</sourceEntity>
<targetCardinalityString>*</targetCardinalityString>
<targetEntity>2D9BD626-BF58-C19F-E3C6-28C0B27BF500</targetEntity>
<transferable>true</transferable>
<deleteRule>NO ACTION</deleteRule>
</Relation>