<?xml version = '1.0' encoding = 'UTF-8'?>
<Relation class="oracle.dbtools.crest.model.design.logical.Relation" name="DATOS_CLIENTE" directorySegmentName="seg_0" id="891EB90D-C2F4-1DE3-7CBC-68E1C0EFD63C">
<createdBy>vero7</createdBy>
<createdTime>2022-01-22 13:36:05 UTC</createdTime>
<ownerDesignName>TRABAJO_EBURY</ownerDesignName>
<engineerTo>
<item key="6FBED767-2169-B8F5-484E-8D183EB62696" value="true"/>
</engineerTo>
<sourcePk>C13BEE0F-162A-08DB-BDB1-3536B5877E8C</sourcePk>
<identifying>true</identifying>
<nameOnSource>Autoriza a </nameOnSource>
<nameOnTarget> </nameOnTarget>
<optionalSource>true</optionalSource>
<optionalTarget>false</optionalTarget>
<sourceCardinality>1</sourceCardinality>
<sourceEntity>A184F535-B77C-04D0-6A4D-B77C982E6244</sourceEntity>
<targetCardinalityString>*</targetCardinalityString>
<targetEntity>76C334FA-6A8F-1384-7ACD-2FE26CAF1F60</targetEntity>
<transferable>true</transferable>
<deleteRule>NO ACTION</deleteRule>
</Relation>