<?xml version = '1.0' encoding = 'UTF-8'?>
<Relation class="oracle.dbtools.crest.model.design.logical.Relation" name="CR_SEGR" directorySegmentName="seg_0" id="8AD0B05E-DDDF-82A2-2B3A-CB233E717A2D">
<createdBy>vero7</createdBy>
<createdTime>2022-01-22 13:57:52 UTC</createdTime>
<ownerDesignName>TRABAJO_EBURY</ownerDesignName>
<engineerTo>
<item key="6FBED767-2169-B8F5-484E-8D183EB62696" value="true"/>
</engineerTo>
<sourcePk>A7132C1F-F5B4-2FEA-5FD4-4793F576FA43</sourcePk>
<identifying>false</identifying>
<nameOnSource>Asociado a</nameOnSource>
<nameOnTarget> </nameOnTarget>
<optionalSource>true</optionalSource>
<optionalTarget>false</optionalTarget>
<sourceCardinality>1</sourceCardinality>
<sourceEntity>2D9BD626-BF58-C19F-E3C6-28C0B27BF500</sourceEntity>
<targetCardinalityString>*</targetCardinalityString>
<targetEntity>1C380640-B416-F94C-71F8-146066B58ECA</targetEntity>
<transferable>true</transferable>
<deleteRule>NO ACTION</deleteRule>
</Relation>