<?xml version = '1.0' encoding = 'UTF-8'?>
<Relation class="oracle.dbtools.crest.model.design.logical.Relation" name="DIV_TRANS" directorySegmentName="seg_0" id="9AAD9E54-A21C-6884-3A4F-1F1CFF38C9BE">
<createdBy>vero7</createdBy>
<createdTime>2022-01-22 13:47:13 UTC</createdTime>
<ownerDesignName>TRABAJO_EBURY</ownerDesignName>
<engineerTo>
<item key="6FBED767-2169-B8F5-484E-8D183EB62696" value="true"/>
</engineerTo>
<identifying>false</identifying>
<nameOnSource>Se realiza a </nameOnSource>
<nameOnTarget> </nameOnTarget>
<optionalSource>true</optionalSource>
<optionalTarget>true</optionalTarget>
<sourceCardinality>*</sourceCardinality>
<sourceEntity>F5BA9456-3D17-4FFA-29E6-37932927E635</sourceEntity>
<targetCardinalityString>*</targetCardinalityString>
<targetEntity>49441655-71C0-9E97-E19D-2FC5D5B98F53</targetEntity>
<transferable>true</transferable>
<deleteRule>NO ACTION</deleteRule>
</Relation>