<?xml version = '1.0' encoding = 'UTF-8'?>
<Relation class="oracle.dbtools.crest.model.design.logical.Relation" name="CR_POO" directorySegmentName="seg_0" id="A2CA723E-532E-822D-B3CD-440FFC8903A7">
<createdBy>vero7</createdBy>
<createdTime>2022-01-22 13:58:06 UTC</createdTime>
<ownerDesignName>TRABAJO_EBURY</ownerDesignName>
<engineerTo>
<item key="6FBED767-2169-B8F5-484E-8D183EB62696" value="true"/>
</engineerTo>
<identifying>false</identifying>
<nameOnSource>Asociado a</nameOnSource>
<nameOnTarget> </nameOnTarget>
<optionalSource>true</optionalSource>
<optionalTarget>false</optionalTarget>
<sourceCardinality>*</sourceCardinality>
<sourceEntity>2D9BD626-BF58-C19F-E3C6-28C0B27BF500</sourceEntity>
<targetCardinalityString>*</targetCardinalityString>
<targetEntity>D77C6140-7C49-15ED-1FB8-0A4F0E5639D9</targetEntity>
<transferable>true</transferable>
<deleteRule>NO ACTION</deleteRule>
</Relation>