<?xml version = '1.0' encoding = 'UTF-8'?>
<Relation class="oracle.dbtools.crest.model.design.logical.Relation" name="PAIS_DIVISA" directorySegmentName="seg_0" id="A76A26D7-8777-AEC6-53DC-142E1C609E76">
<createdBy>vero7</createdBy>
<createdTime>2022-01-22 13:42:46 UTC</createdTime>
<ownerDesignName>TRABAJO_EBURY</ownerDesignName>
<engineerTo>
<item key="6FBED767-2169-B8F5-484E-8D183EB62696" value="true"/>
</engineerTo>
<identifying>false</identifying>
<nameOnSource>Pertenece a </nameOnSource>
<nameOnTarget>Posee </nameOnTarget>
<optionalSource>true</optionalSource>
<optionalTarget>true</optionalTarget>
<sourceCardinality>*</sourceCardinality>
<sourceEntity>F5BA9456-3D17-4FFA-29E6-37932927E635</sourceEntity>
<targetCardinalityString>*</targetCardinalityString>
<targetEntity>2D56C7EA-93D3-3B04-6318-62971ACBF60E</targetEntity>
<transferable>true</transferable>
<deleteRule>NO ACTION</deleteRule>
</Relation>