<?xml version = '1.0' encoding = 'UTF-8'?>
<Relation class="oracle.dbtools.crest.model.design.logical.Relation" name="PA_DATOS" directorySegmentName="seg_0" id="AA8ECA0A-41C4-D077-8716-65CF31012465">
<createdBy>vero7</createdBy>
<createdTime>2022-01-22 13:36:21 UTC</createdTime>
<ownerDesignName>TRABAJO_EBURY</ownerDesignName>
<engineerTo>
<item key="6FBED767-2169-B8F5-484E-8D183EB62696" value="true"/>
</engineerTo>
<sourcePk>9F620FD1-1DC3-D65D-3F7B-A66281B10317</sourcePk>
<identifying>true</identifying>
<nameOnSource>Autorizado en </nameOnSource>
<nameOnTarget> </nameOnTarget>
<optionalSource>true</optionalSource>
<optionalTarget>false</optionalTarget>
<sourceCardinality>1</sourceCardinality>
<sourceEntity>05B822F3-3334-76A5-7B44-4D292BDB4F71</sourceEntity>
<targetCardinalityString>*</targetCardinalityString>
<targetEntity>76C334FA-6A8F-1384-7ACD-2FE26CAF1F60</targetEntity>
<transferable>true</transferable>
<deleteRule>NO ACTION</deleteRule>
</Relation>