<?xml version = '1.0' encoding = 'UTF-8'?>
<Relation class="oracle.dbtools.crest.model.design.logical.Relation" name="DIR_BANCO" directorySegmentName="seg_0" id="D541EFF1-BD65-E851-01E9-25E44452DEA4">
<createdBy>vero7</createdBy>
<createdTime>2022-01-24 18:47:07 UTC</createdTime>
<ownerDesignName>TRABAJO_EBURY</ownerDesignName>
<engineerTo>
<item key="6FBED767-2169-B8F5-484E-8D183EB62696" value="true"/>
</engineerTo>
<sourcePk>B3241F11-6E1B-EFE8-A3B4-44E8D09EABC9</sourcePk>
<targetPk>60EBDCD4-22DA-F8C3-B6B2-D83C60AABCF7</targetPk>
<identifying>false</identifying>
<nameOnSource>Tiene </nameOnSource>
<nameOnTarget> </nameOnTarget>
<optionalSource>false</optionalSource>
<optionalTarget>true</optionalTarget>
<sourceCardinality>1</sourceCardinality>
<sourceEntity>514AE54B-2079-3824-4FF6-ABAE99A81E67</sourceEntity>
<targetCardinalityString>1</targetCardinalityString>
<targetEntity>D0FD0A5E-FE59-DE9A-CFAA-10A8D97E64CD</targetEntity>
<transferable>true</transferable>
<deleteRule>NO ACTION</deleteRule>
</Relation>