<?xml version = '1.0' encoding = 'UTF-8'?>
<Relation class="oracle.dbtools.crest.model.design.logical.Relation" name="CL_CE" directorySegmentName="seg_0" id="D6E9CA37-8D2C-414F-1936-59DCC6218D3C">
<createdBy>vero7</createdBy>
<createdTime>2022-01-22 13:59:43 UTC</createdTime>
<ownerDesignName>TRABAJO_EBURY</ownerDesignName>
<engineerTo>
<item key="6FBED767-2169-B8F5-484E-8D183EB62696" value="true"/>
</engineerTo>
<sourcePk>C13BEE0F-162A-08DB-BDB1-3536B5877E8C</sourcePk>
<identifying>false</identifying>
<nameOnSource>Tiene </nameOnSource>
<nameOnTarget> </nameOnTarget>
<optionalSource>true</optionalSource>
<optionalTarget>false</optionalTarget>
<sourceCardinality>1</sourceCardinality>
<sourceEntity>2A83793C-F1F7-1E3D-EF20-0BC0583CD17B</sourceEntity>
<targetCardinalityString>*</targetCardinalityString>
<targetEntity>6331D7F5-8232-221F-11D4-37B1942FB190</targetEntity>
<transferable>true</transferable>
<deleteRule>NO ACTION</deleteRule>
</Relation>