<?xml version = '1.0' encoding = 'UTF-8'?>
<Relation class="oracle.dbtools.crest.model.design.logical.Relation" name="BANCO_PAIS" directorySegmentName="seg_0" id="DF6EB174-5F37-2F33-A2C8-FB317772F17C">
<createdBy>vero7</createdBy>
<createdTime>2022-01-22 13:38:59 UTC</createdTime>
<ownerDesignName>TRABAJO_EBURY</ownerDesignName>
<engineerTo>
<item key="6FBED767-2169-B8F5-484E-8D183EB62696" value="true"/>
</engineerTo>
<sourcePk>7EEFCFDF-A80B-B7AC-819B-41205BE2C5A9</sourcePk>
<identifying>false</identifying>
<nameOnSource>Posee</nameOnSource>
<nameOnTarget>Pertenece a</nameOnTarget>
<optionalSource>true</optionalSource>
<optionalTarget>false</optionalTarget>
<sourceCardinality>1</sourceCardinality>
<sourceEntity>2D56C7EA-93D3-3B04-6318-62971ACBF60E</sourceEntity>
<targetCardinalityString>*</targetCardinalityString>
<targetEntity>514AE54B-2079-3824-4FF6-ABAE99A81E67</targetEntity>
<transferable>true</transferable>
<deleteRule>NO ACTION</deleteRule>
</Relation>