<?xml version = '1.0' encoding = 'UTF-8'?>
<Relation class="oracle.dbtools.crest.model.design.logical.Relation" name="CE_TR_INT" directorySegmentName="seg_0" id="E01B8137-0D40-E332-F0EE-9D9886622150">
<createdBy>vero7</createdBy>
<createdTime>2022-01-22 13:55:38 UTC</createdTime>
<ownerDesignName>TRABAJO_EBURY</ownerDesignName>
<engineerTo>
<item key="6FBED767-2169-B8F5-484E-8D183EB62696" value="true"/>
</engineerTo>
<sourcePk>76992E55-ADF7-4CC6-5989-6C7D54DC1D4C</sourcePk>
<identifying>false</identifying>
<nameOnSource>Destino </nameOnSource>
<nameOnTarget> </nameOnTarget>
<optionalSource>true</optionalSource>
<optionalTarget>false</optionalTarget>
<sourceCardinality>1</sourceCardinality>
<sourceEntity>6331D7F5-8232-221F-11D4-37B1942FB190</sourceEntity>
<targetCardinalityString>*</targetCardinalityString>
<targetEntity>1A493155-72CD-B95D-58F1-44B5F52256DC</targetEntity>
<transferable>true</transferable>
<deleteRule>NO ACTION</deleteRule>
</Relation>